userid;foodid;rating
1;16;3
2;19;1
2;69;2
2;66;5
2;46;3
3;58;1
3;67;5
3;44;2
4;5;2
4;23;3
4;26;4
4;38;3
4;46;3
5;11;2
5;88;4
6;43;3
6;75;4
7;32;3
7;10;5
7;18;2
8;66;1
8;45;2
8;20;5
9;88;4
9;38;4
9;45;1
9;77;2
9;48;3
10;20;2
10;74;1
11;38;4
11;48;1
11;44;2
11;10;1
11;34;3
11;23;5
12;58;3
12;40;3
12;11;1
12;78;3
12;49;3
13;52;3
13;44;2
14;38;4
14;56;5
14;30;4
14;5;3
15;74;2
15;48;4
15;23;3
15;19;4
15;63;2
15;28;3
16;25;2
16;61;3
16;1;3
16;28;4
16;16;3
16;81;1
16;53;2
17;49;5
17;4;5
17;56;3
17;83;4
17;34;4
17;29;3
17;17;5
18;36;4
18;65;1
19;26;1
19;2;3
19;6;2
19;84;4
19;30;4
20;3;2
20;89;2
20;60;4
20;41;3
20;47;3
21;40;1
21;58;1
21;6;4
21;78;3
22;3;4
22;36;3
22;23;4
22;49;5
22;67;5
23;45;4
23;14;2
23;68;3
23;7;4
23;43;1
23;85;2
24;60;3
24;39;2
24;71;2
24;23;2
24;83;2
24;53;4
24;9;2
24;37;3
25;10;5
25;45;5
25;60;4
25;7;1
26;44;3
26;48;5
26;14;2
26;41;1
26;16;4
27;83;5
27;34;4
27;66;4
27;13;2
27;21;4
28;22;4
28;68;3
28;11;3
28;39;3
28;21;2
29;74;1
29;16;2
29;19;5
29;54;2
29;49;1
30;14;1
30;83;5
30;55;4
30;89;2
30;69;3
30;3;2
31;50;3
31;90;3
31;52;2
31;5;1
32;75;5
32;81;3
32;60;5
32;29;2
33;23;3
34;76;5
34;39;2
35;77;3
35;39;1
35;65;5
35;57;4
35;35;2
35;67;4
35;80;4
35;64;1
35;43;4
35;40;3
35;45;2
35;21;1
36;11;5
36;9;4
36;39;3
36;65;2
36;69;2
36;34;4
36;79;3
36;13;2
37;7;3
37;86;3
38;64;4
38;6;5
38;73;3
38;86;1
38;84;3
39;7;1
39;71;2
39;73;4
39;29;1
39;59;2
40;53;5
40;49;4
40;78;4
40;66;2
40;31;3
41;58;4
41;88;1
41;87;3
41;66;2
41;71;2
42;72;3
42;37;5
42;33;2
42;36;4
42;58;4
43;68;2
43;54;1
43;61;4
44;55;2
44;56;2
44;11;4
44;44;2
44;66;2
44;64;3
44;87;2
44;24;5
45;3;3
45;5;5
46;88;4
46;81;2
46;44;3
46;57;2
46;41;2
46;16;1
47;33;3
47;55;3
47;59;1
47;12;3
47;36;3
48;71;2
48;84;2
48;8;1
48;4;2
49;30;4
49;14;4
49;21;4
49;51;3
49;23;2
49;67;2
49;43;2
49;54;4
50;67;4
50;39;2
50;8;3
50;10;3
51;55;4
51;88;1
51;47;4
51;53;3
52;4;4
52;16;1
52;88;1
52;64;4
52;13;1
52;47;1
52;75;3
53;18;4
53;72;3
54;63;3
54;76;1
54;85;3
54;58;5
54;2;5
54;60;2
54;57;4
55;7;2
55;14;5
55;77;4
55;37;5
55;39;4
55;52;2
55;40;1
55;68;2
55;46;1
56;32;4
56;16;3
56;72;2
56;26;4
56;45;4
56;12;5
57;83;2
57;49;2
57;9;5
57;34;2
58;24;4
58;44;2
58;64;1
58;53;2
58;3;1
59;49;3
59;77;4
59;46;4
59;53;1
59;79;3
59;83;4
60;78;3
60;60;5
60;66;1
61;7;4
61;34;3
61;39;3
61;21;2
61;2;2
61;25;2
61;55;5
61;88;5
61;16;1
62;13;3
62;46;1
62;32;2
62;18;2
63;31;2
63;54;2
63;72;4
63;62;3
63;33;3
64;44;3
64;59;2
64;25;1
64;21;5
65;89;4
65;77;4
65;21;1
66;57;5
66;80;2
66;37;2
66;47;2
66;14;5
67;89;4
67;10;3
67;39;3
67;21;1
67;78;5
68;42;2
68;78;5
68;18;5
68;37;5
68;66;4
68;7;4
68;10;4
69;20;5
69;15;2
69;86;5
70;34;2
70;28;5
70;33;2
70;76;1
70;53;4
70;39;1
70;13;1
70;86;1
70;68;2
70;65;4
70;27;1
70;44;4
70;37;3
71;69;1
71;12;5
71;26;1
71;32;1
71;47;3
72;25;4
72;70;5
72;33;5
72;30;5
72;48;2
72;34;3
73;86;5
73;48;3
73;4;2
73;74;2
73;61;2
74;52;3
74;32;3
74;81;3
75;34;1
75;67;2
75;56;3
76;87;2
76;78;2
76;84;2
76;6;5
76;77;4
76;9;2
76;28;3
76;76;4
77;28;5
77;71;1
77;24;1
78;75;2
78;74;2
78;61;2
78;40;3
78;18;3
78;15;2
78;81;4
78;34;2
79;56;2
79;14;2
80;71;4
80;11;4
80;59;4
80;68;3
80;41;1
80;38;2
80;32;2
81;23;2
81;53;3
81;58;2
81;69;2
81;45;3
82;3;3
82;6;3
83;70;5
84;86;5
84;84;3
84;4;1
84;52;1
84;61;2
84;37;4
84;48;1
85;46;5
85;16;4
85;55;5
86;35;3
86;85;2
86;52;2
86;18;2
86;19;3
86;11;4
87;39;5
87;25;3
87;3;2
87;81;3
87;44;4
88;60;5
88;8;3
88;35;5
88;52;4
88;57;4
89;18;2
89;53;3
89;73;2
89;7;4
89;58;5
89;65;2
90;57;3
90;65;4
90;84;4
90;23;3
90;64;5
90;73;5
90;11;3
90;18;3
90;10;2
91;20;3
91;11;4
91;36;2
91;7;1
91;18;2
91;58;3
92;13;3
92;67;2
92;5;2
92;43;1
93;90;5
93;58;3
93;31;2
94;5;3
94;66;2
94;87;4
94;29;3
94;74;3
95;52;1
95;27;3
95;70;3
95;85;1
95;50;3
95;83;5
95;44;2
95;21;4
96;34;2
96;76;4
96;51;3
97;71;4
97;72;5
97;5;3
97;69;5
98;81;2
98;56;3
98;41;1
98;10;1
98;20;4
98;53;2
99;9;2
99;70;2
99;6;2
99;53;1
99;5;3
99;44;3
99;68;4
99;15;5
100;85;3
65;25;2
40;55;2
37;68;3
37;65;5
88;51;4
17;75;4
4;24;4
97;7;3
47;15;5
83;46;4
75;58;3
42;68;1
42;67;4
59;62;3
52;38;4
78;56;5
42;14;3
84;61;4
44;59;1
98;7;4
14;26;2
15;30;2
31;56;4
60;68;3
19;49;2
65;9;2
84;16;5
27;5;4
47;81;2
69;31;2
31;13;2
73;25;5
14;79;2
72;65;5
9;10;1
66;5;3
30;67;4
27;21;3
33;27;1
34;46;4
20;63;3
79;75;4
97;52;2
42;33;3
81;75;1
24;1;5
47;72;1
55;65;4
24;76;1
59;33;4
28;53;4
20;66;2
96;4;3
62;63;3
55;11;1
9;70;2
55;38;2
63;81;2
66;17;4
51;78;3
74;83;1
33;7;2
4;33;3
47;33;1
23;74;4
99;61;4
52;75;5
46;23;2
88;27;2
77;48;2
66;76;5
45;53;1
1;30;2
43;14;3
4;38;1
100;13;4
8;86;3
79;16;4
41;48;2
29;6;2
29;15;4
56;1;1
22;1;4
26;63;1
99;47;2
10;36;2
11;14;4
5;84;4
12;18;3
89;45;2
43;27;2
21;55;2
23;40;4
62;90;2
83;66;3
15;65;3
48;73;3
7;63;2
85;47;3
2;68;4
3;84;2
44;75;1
16;33;3
72;82;3
12;2;4
85;29;5
61;37;3
42;61;1
26;22;4
49;76;4
33;88;3
99;7;4
34;61;5
29;29;4
67;32;3
15;83;1
36;60;4
77;88;3
41;44;5
50;88;4
87;7;3
75;86;1
72;11;4
62;47;4
5;44;2
84;57;3
11;75;2
82;83;2
85;39;1
29;2;5
25;89;4
62;38;3
42;46;2
75;44;3
30;35;3
79;43;1
98;30;3
23;67;5
26;46;2
52;90;2
62;60;5
9;69;2
25;20;3
89;81;2
71;71;4
8;22;3
26;37;3
40;29;3
40;14;3
58;61;4
97;51;4
24;40;1
37;48;1
66;88;3
82;34;4
55;52;5
15;51;2
72;40;4
63;26;2
25;42;4
62;40;4
2;38;4
31;72;2
3;62;5
31;34;5
35;50;2
11;55;4
5;64;1
2;76;1
54;34;2
68;22;3
59;70;5
42;12;2
60;41;1
89;9;4
98;78;1
27;84;2
57;11;5
33;15;2
93;59;4
62;66;5
36;13;4
49;65;3
87;64;2
74;29;5
42;9;3
2;25;4
52;10;4
9;82;5
71;60;2
84;22;1
82;39;4
79;28;3
48;52;3
8;44;4
22;82;3
57;18;4
86;50;4
96;40;1
27;82;4
94;87;3
45;27;3
6;46;3
29;66;4
54;6;5
31;27;2
81;87;4
11;90;1
89;6;2
86;49;3
48;81;3
75;38;2
53;22;3
67;41;4
26;9;5
54;63;4
15;19;2
70;16;4
45;37;3
9;47;3
55;30;2
3;82;4
28;87;4
60;54;2
81;72;4
94;27;1
5;75;3
82;16;4
8;7;3
41;69;3
47;62;5
38;14;3
52;19;5
35;54;2
2;81;2
64;4;2
52;21;2
33;49;5
17;62;3
54;47;5
45;24;5
63;88;4
75;11;1
33;90;2
56;74;5
80;73;4
29;76;1
86;42;3
40;85;5
18;43;1
85;73;1
76;80;1
2;26;3
16;85;4
57;43;4
27;43;2
92;55;3
20;83;1
99;75;4
19;61;2
93;14;1
38;87;3
45;59;5
91;21;2
28;89;3
13;53;2
45;19;3
86;20;4
22;56;3
29;31;2
85;59;4
82;76;3
17;57;1
31;78;5
63;72;4
99;69;2
77;60;4
95;61;4
78;22;2
24;66;3
91;36;3
42;45;4
14;57;4
47;85;4
94;26;3
77;83;3
61;22;1
60;10;3
99;6;3
98;59;4
12;10;3
7;76;5
14;62;1
18;3;4
5;83;4
10;35;5
21;39;2
68;52;2
32;58;4
16;28;3
98;63;3
89;72;3
70;11;3
64;66;3
79;46;3
91;14;4
99;46;4
25;78;3
7;32;1
75;63;4
33;67;4
96;89;3
48;10;3
64;3;5
88;89;4
65;63;4
62;52;2
96;62;4
99;74;3
17;32;4
87;81;4
57;1;3
99;73;2
14;30;3
98;77;4
80;83;4
48;87;3
96;82;4
14;74;2
58;62;4
32;86;4
87;62;2
92;60;2
29;32;3
21;53;4
14;20;2
36;4;1
79;55;5
15;49;2
90;23;2
65;87;4
97;80;5
95;29;3
87;21;4
39;82;2
47;14;2
46;40;4
32;22;1
2;42;2
52;79;2
39;84;2
59;77;2
15;49;3
42;2;4
98;43;4
26;49;3
26;50;2
66;56;2
99;24;2
39;38;1
97;11;2
78;22;4
12;58;4
97;18;3
41;87;2
9;30;2
80;12;2
7;10;3
21;67;4
21;37;4
36;48;3
57;2;1
37;35;2
82;82;5
20;70;4
63;12;5
35;86;3
86;35;4
81;9;4
18;61;4
2;55;3
54;45;3
8;79;4
93;28;3
84;29;2
73;17;2
5;85;2
55;9;3
70;71;5
44;4;4
22;77;4
74;77;5
29;8;5
11;16;3
7;42;4
39;10;4
47;62;5
41;31;2
2;13;3
60;73;5
59;11;3
80;73;2
97;49;4
77;45;2
41;58;5
65;51;3
87;3;2
93;40;2
48;36;2
95;60;3
91;12;2
43;88;3
78;68;2
19;33;3
45;43;5
43;78;4
76;35;3
25;34;4
48;66;5
47;83;3
29;61;4
25;71;3
35;11;2
77;37;1
84;47;1
14;10;3
34;69;5
57;18;3
9;79;2
46;6;4
83;35;5
29;83;3
8;80;3
1;25;3
63;45;3
31;72;1
64;2;3
40;70;5
1;53;2
22;15;2
92;63;5
34;52;4
13;23;4
50;53;1
79;25;1
64;5;3
86;69;2
52;57;4
77;1;2
14;75;5
65;89;5
57;13;2
43;18;2
85;9;3
78;79;3
36;9;1
91;7;1
74;84;3
31;32;3
50;87;4
15;8;2
22;62;4
63;8;1
90;58;2
92;35;4
2;20;1
21;77;4
67;61;2
62;28;4
35;77;5
76;48;3
38;41;2
48;30;4
37;52;2
10;13;5
47;18;5
58;53;4
10;13;1
53;18;3
86;88;4
69;73;2
87;2;3
93;56;3
48;19;5
15;39;2
38;37;4
63;10;4
90;68;3
60;12;3
35;30;5
81;81;3
18;9;5
95;33;3
99;3;5
84;5;3
54;51;3
76;86;4
81;69;1
56;55;3
56;61;1
70;17;4
40;64;4
10;57;2
5;24;4
25;42;3
56;65;3
77;45;1
95;5;3
11;81;2
29;59;2
51;59;4
75;43;3
77;13;2
99;39;4
50;61;1
62;69;5
93;38;1
80;18;2
51;48;2
22;85;1
98;21;3
2;49;3
23;85;3
22;22;5
87;49;4
99;1;4
23;54;2
74;53;2
28;33;3
41;71;3
32;14;5
90;23;3
1;37;1
43;70;3
52;23;2
85;70;2
60;60;4
93;82;5
7;82;2
45;38;3
91;34;4
38;45;3
44;19;4
65;69;3
81;48;2
48;54;4
39;26;3
23;80;5
70;68;3
3;71;4
22;33;5
20;13;2
52;68;1
22;65;4
56;2;3
59;87;5
63;85;5
38;35;4
46;43;4
18;50;3
84;15;5
87;27;3
40;26;1
62;9;2
77;75;2
39;7;3
82;30;3
51;27;1
17;14;3
36;8;1
24;35;4
48;16;4
81;20;3
35;6;4
37;11;5
69;6;5
8;68;3
5;2;4
31;56;2
22;83;4
17;83;4
87;9;4
97;8;1
43;27;5
77;52;2
74;60;2
75;76;3
90;59;1
48;16;2
3;37;3
75;84;1
92;50;5
46;48;2
31;47;4
2;27;2
63;61;5
8;14;3
68;71;4
40;84;2
46;40;1
19;15;3
26;56;2
32;48;2
15;45;1
58;2;3
38;24;5
95;85;3
56;37;3
50;54;2
57;46;1
43;55;3
91;28;4
85;50;2
52;54;3
91;65;1
48;42;4
44;38;5
85;13;4
77;39;2
16;13;4
66;48;5
70;63;1
89;87;3
2;27;5
73;5;3
7;49;3
7;55;1
50;26;4
3;48;4
6;89;3
29;45;2
93;52;3
16;50;4
88;88;2
63;72;4
25;10;1
23;30;2
8;39;4
27;5;1
7;83;1
63;87;5
11;37;4
64;79;5
18;57;2
25;76;2
36;7;5
43;66;5
99;82;4
8;78;1
31;16;2
34;33;4
80;90;4
43;10;4
51;18;5
59;25;2
16;7;4
7;56;3
2;43;4
69;8;2
2;67;1
49;88;1
33;16;1
84;24;1
9;85;2
80;40;4
92;13;5
14;30;1
10;77;2
28;64;3
88;68;2
11;74;4
55;24;4
57;49;4
5;3;3
26;45;2
48;8;5
5;85;1
71;6;4
75;36;4
4;41;3
97;65;1
45;1;2
43;32;2
1;77;5
24;79;3
7;72;4
22;60;4
73;10;1
33;52;5
96;17;5
3;53;3
87;81;2
57;13;1
99;87;3
46;30;4
80;30;2
73;73;2
93;5;2
29;3;3
96;72;3
84;26;3
69;58;2
4;67;3
14;52;3
74;7;1
7;29;4
10;42;1
44;32;2
50;70;4
52;28;2
77;23;3
95;71;4
83;36;3
83;65;4
66;49;5
92;35;2
33;21;1
62;82;3
26;43;2
10;7;2
56;2;4
73;75;3
84;45;3
89;5;1
27;16;2
39;86;3
39;45;2
10;30;3
49;48;4
73;66;2
29;22;4
80;75;1
46;84;3
37;60;4
57;88;3
20;82;2
75;13;4
6;40;2
2;21;2
25;68;2
52;46;1
55;8;4
56;77;2
4;84;1
19;46;4
41;73;1
23;31;4
94;22;2
17;35;1
9;23;1
38;19;4
5;50;3
97;19;3
95;15;3
70;30;5
32;3;4
84;40;5
90;62;1
87;77;3
4;86;4
2;5;3
94;56;2
32;30;2
33;38;4
60;56;3
51;39;4
62;66;2
87;21;3
83;40;5
21;37;3
16;20;3
89;81;3
40;89;3
40;66;4
6;75;5
23;48;3
10;80;3
6;30;5
32;47;4
90;56;5
37;87;2
46;48;1
22;39;3
76;61;5
29;37;3
48;11;2
27;28;1
90;13;4
92;86;4
73;75;3
11;40;4
26;62;4
81;74;2
76;47;4
100;87;3
4;68;2
74;30;5
87;89;2
12;54;2
99;82;2
16;81;1
19;13;2
93;80;1
40;51;4
92;55;3
94;77;1
62;57;3
29;73;2
72;35;2
48;31;5
94;18;4
20;8;1
71;28;1
18;16;2
76;27;1
6;85;3
9;9;4
26;27;2
53;65;3
5;85;2
52;3;5
66;13;3
23;3;2
16;82;4
31;53;3
25;80;1
47;6;2
100;48;3
64;24;2
32;49;5
75;30;2
74;26;3
81;70;2
34;70;2
94;4;2
85;2;3
96;32;2
53;22;2
64;64;4
15;10;4
43;31;2
26;39;3
86;48;1
79;9;4
49;20;2
89;30;4
17;1;3
66;60;2
93;30;3
38;60;3
57;50;1
25;27;4
12;25;4
66;22;1
97;18;2
92;24;4
96;6;5
9;75;4
63;64;3
63;58;1
54;65;4
28;42;3
97;81;1
81;77;2
59;23;4
87;16;2
37;69;4
53;50;3
79;24;5
55;81;1
96;84;4
88;7;4
50;51;2
16;29;4
97;75;2
70;31;2
86;55;2
94;78;4
30;85;4
5;40;4
3;48;3
27;15;4
65;65;2
28;52;4
17;52;3
56;2;3
96;55;3
51;81;4
64;66;1
26;57;4
40;39;1
47;83;5
70;45;3
82;56;4
88;40;3
46;21;1
7;42;4
76;16;5
10;77;2
72;66;4
82;41;4
57;58;4
65;49;4
96;51;4
85;49;5
47;71;4
66;65;5
10;82;5
70;61;2
6;28;1
43;81;4
50;68;2
94;39;3
5;42;3
7;87;5
18;52;3
60;30;4
65;89;2
52;72;3
100;13;5
14;50;2
28;82;4
8;7;4
72;77;3
99;70;5
54;33;3
74;19;3
81;63;3
15;48;3
92;18;4
78;40;2
38;30;2
22;59;3
10;22;3
46;71;2
11;27;3
58;88;4
39;64;4
27;78;1
48;44;5
82;14;4
96;65;1
48;45;3
96;82;1
54;26;3
24;27;5
93;63;5
46;16;2
54;78;2
41;71;2
98;14;2
93;13;3
19;34;2
64;67;2
58;26;1
20;47;2
86;26;4
88;52;3
47;83;4
47;89;4
26;44;3
11;2;1
9;84;3
68;62;2
83;90;4
38;67;2
97;57;2
44;83;1
97;16;2
8;36;1
31;3;3
39;46;4
67;48;4
33;42;3
7;28;4
44;28;3
90;81;2
69;32;5
61;36;2
49;1;3
49;77;4
9;42;3
100;19;3
75;21;2
88;6;3
58;83;1
23;25;1
40;64;2
9;6;2
64;47;3
54;74;3
48;67;1
45;18;5
81;8;2
83;40;2
28;43;4
98;35;2
28;46;2
34;18;5
49;8;4
44;29;4
53;7;3
93;21;2
15;88;4
64;4;3
91;61;2
70;54;5
47;52;5
57;72;5
60;25;4
45;31;3
16;66;1
20;19;4
74;82;4
99;74;3
20;84;4
61;87;3
73;72;3
44;74;4
88;66;3
59;69;4
6;1;3
42;81;5
96;43;2
15;71;1
85;10;3
56;67;4
13;29;5
11;16;4
96;89;5
67;9;2
72;10;3
58;48;2
45;18;4
75;46;2
79;70;3
92;45;2
21;40;1
31;44;4
84;41;3
7;78;1
58;32;5
32;55;2
65;59;2
34;45;2
88;49;1
72;23;2
16;31;2
49;4;4
41;1;3
53;88;2
80;68;1
94;77;2
90;32;2
47;7;5
20;15;2
28;76;3
94;24;4
81;48;4
11;13;2
12;36;4
9;4;4
77;22;4
99;26;1
92;42;2
81;53;1
34;68;2
39;24;4
79;82;3
15;84;5
10;52;1
16;71;5
24;70;5
27;78;3
28;56;3
31;44;5
68;36;1
63;38;5
92;28;1
13;2;4
57;22;3
36;3;1
23;3;4
28;78;4
43;75;4
42;16;1
8;58;4
19;32;3
84;31;4
19;19;5
65;72;2
35;59;4
70;4;2
91;85;4
41;66;1
51;57;5
93;43;5
31;12;3
45;34;3
91;78;2
16;83;4
99;37;2
41;43;3
74;3;2
91;44;4
9;49;3
98;36;2
58;21;2
7;51;3
80;80;2
60;84;3
99;39;4
81;6;1
43;77;4
12;26;4
16;67;2
97;72;1
15;80;4
36;30;4
21;52;3
54;80;2
31;32;4
95;75;3
33;3;4
99;2;1
29;76;2
29;35;1
92;68;4
28;34;3
28;57;2
81;29;1
68;73;3
4;43;4
15;17;4
13;40;3
90;42;2
14;22;5
19;35;4
99;45;3
95;49;3
56;47;1
5;45;3
5;3;4
62;46;2
92;69;5
31;48;4
67;72;3
81;37;4
32;35;2
38;87;1
99;87;3
1;57;1
19;28;4
99;65;4
77;1;5
86;31;5
55;2;4
60;2;4
46;66;4
95;2;4
47;21;3
69;9;2
34;23;3
31;53;3
92;3;2
67;12;4
75;47;4
20;28;3
20;33;5
21;7;2
51;20;3
45;12;3
8;77;2
49;1;1
30;11;4
31;45;4
84;36;2
3;60;3
76;80;5
79;64;3
59;34;5
73;2;3
13;43;3
29;56;4
51;24;3
62;88;3
58;75;3
73;39;2
42;31;5
62;83;4
98;65;4
87;87;2
68;34;1
98;73;1
94;72;4
15;71;5
87;6;3
44;20;5
27;84;1
49;79;3
13;5;4
78;75;4
38;73;3
47;66;4
47;1;4
72;62;2
69;72;3
91;35;5
49;37;2
92;19;3
35;22;1
28;67;4
7;19;4
45;40;4
67;71;3
23;26;3
75;56;2
68;79;2
35;4;2
96;47;3
27;47;2
14;62;4
12;66;4
12;77;1
87;13;2
39;57;4
71;28;4
7;65;1
62;30;4
38;6;2
26;60;4
28;15;3
7;60;2
57;8;4
38;2;3
42;42;3
69;26;4
36;54;1
98;7;5
72;33;2
44;47;4
96;36;3
23;47;3
54;70;4
23;52;4
82;28;4
5;67;3
51;82;2
49;19;3
58;35;3
9;35;3
39;20;3
92;13;3
68;26;3
87;23;5
38;19;4
88;3;2
39;18;3
6;50;2
89;82;4
40;81;2
15;29;4
75;41;2
71;85;4
56;80;1
75;37;4
81;1;4
3;39;3
10;18;2
30;35;4
21;48;1
97;70;4
58;34;4
8;86;2
74;78;1
67;12;1
100;74;4
87;43;3
92;86;4
66;73;4
37;31;4
35;77;4
96;24;4
56;42;1
40;17;3
21;58;4
39;42;4
7;2;5
87;21;2
73;64;1
91;6;4
88;61;4
56;62;2
100;53;4
2;77;4
81;8;2
2;77;5
2;6;2
54;71;4
13;51;4
74;41;2
44;42;2
23;82;1
57;43;5
13;63;3
88;36;5
49;55;2
9;16;3
92;71;5
8;9;2
67;47;5
65;30;4
24;2;2
91;50;4
90;35;5
85;8;5
18;4;1
45;82;4
78;53;3
81;75;4
55;45;4
79;41;4
9;36;4
24;60;2
64;30;3
2;79;3
10;59;4
21;56;5
27;40;2
6;3;3
41;78;4
47;71;3
18;55;4
97;77;2
48;12;1
80;52;2
98;25;4
42;88;1
22;69;5
57;37;5
21;71;1
93;18;3
12;2;5
52;56;5
57;20;5
15;16;3
18;54;1
29;36;1
13;5;1
31;62;2
62;14;1
86;42;4
40;50;5
4;67;3
42;88;2
53;52;4
99;25;3
80;3;4
27;64;1
57;47;5
79;44;1
7;22;4
69;65;1
33;34;4
90;2;5
57;21;4
84;20;4
85;39;2
27;74;2
42;47;3
79;25;2
20;49;1
36;86;5
21;29;4
2;38;4
69;33;1
2;44;2
36;63;4
54;58;3
67;28;2
61;46;4
93;15;2
71;67;2
89;40;3
74;20;1
37;70;5
45;62;2
85;24;4
64;49;1
32;26;1
55;37;3
50;3;2
56;62;4
94;30;5
67;6;2
31;89;5
66;76;2
70;59;5
87;77;2
70;28;3
57;26;1
58;21;2
69;45;2
60;19;5
65;87;3
70;27;5
50;75;5
78;13;5
87;87;2
43;15;1
48;16;5
45;85;2
67;60;2
48;14;5
81;15;3
79;50;3
82;53;3
49;65;5
25;75;4
49;10;3
9;79;4
24;9;2
61;32;4
19;43;5
37;63;3
13;67;4
56;25;5
58;10;3
59;82;4
9;47;2
57;87;1
14;80;4
30;67;3
37;57;1
99;34;3
5;75;3
46;57;2
11;4;4
54;68;3
88;77;2
35;23;3
84;50;2
7;23;1
50;72;4
86;27;2
73;86;5
94;81;3
55;90;4
45;60;4
47;54;3
27;41;4
60;71;2
58;82;2
63;49;2
47;77;4
17;69;3
67;9;1
25;11;2
64;72;3
96;33;5
65;39;4
65;71;1
81;12;2
16;66;3
36;47;2
71;28;2
54;66;3
60;39;4
75;43;5
17;15;4
38;18;3
90;70;4
67;65;4
35;8;3
74;17;3
45;52;1
57;41;2
20;55;4
59;86;4
42;61;2
18;8;3
29;68;4
7;34;3
11;79;4
31;23;4
90;23;3
46;74;3
10;28;2
28;69;3
4;49;3
42;16;4
27;2;4
60;37;4
96;58;1
96;16;5
36;34;3
12;14;3
91;33;1
93;86;4
16;82;4
67;73;3
76;53;5
62;41;1
30;45;2
40;11;2
82;26;4
25;20;5
32;49;2
40;25;5
97;19;3
69;52;3
90;62;3
59;12;1
20;7;2
36;79;4
33;51;5
48;31;5
15;68;3
17;53;4
51;50;2
3;47;3
91;69;3
44;15;2
78;9;2
70;33;2
59;71;2
59;75;2
45;11;4
45;65;1
54;45;1
17;9;3
70;80;4
63;2;4
13;83;4
57;37;2
49;29;2
76;89;3
41;83;1
11;19;5
5;58;4
48;24;2
43;12;5
11;83;4
69;53;1
54;26;2
34;49;2
12;18;4
5;84;1
62;59;5
98;65;3
65;51;5
65;43;2
55;38;2
35;78;3
6;31;4
80;70;2
48;71;2
83;46;3
99;32;5
8;19;3
35;76;4
30;68;1
56;88;3
50;55;2
74;84;4
63;18;4
32;24;4
13;58;2
22;12;4
46;68;3
8;67;3
19;17;4
89;59;5
14;2;2
18;32;2
64;77;1
55;47;2
65;6;3
62;87;4
67;49;3
1;65;1
92;19;5
64;11;1
18;28;4
3;1;1
62;36;2
19;86;2
28;72;1
68;68;2
21;77;3
39;47;4
68;33;3
77;8;3
68;10;2
61;72;3
53;54;4
14;30;2
34;72;5
43;60;4
100;5;2
45;27;2
72;89;5
22;23;3
62;64;3
31;82;1
3;8;2
11;85;2
28;3;2
82;19;3
69;10;3
42;79;3
14;64;2
40;23;1
64;73;3
92;15;4
40;67;2
67;11;2
45;73;4
81;64;4
40;37;3
92;36;4
40;58;5
93;42;4
62;38;4
93;43;3
19;32;3
44;63;3
62;52;2
60;88;5
92;15;2
98;14;1
10;50;4
43;63;3
30;14;3
58;8;2
97;80;4
96;50;4
79;60;1
46;32;2
82;57;2
53;24;4
32;34;2
52;38;4
42;76;3
85;63;4
47;50;1
76;79;5
97;17;1
87;50;3
19;5;4
11;20;4
64;89;1
13;3;3
77;53;1
77;68;5
94;17;4
81;61;5
50;65;3
28;73;5
23;2;2
27;89;4
70;10;4
84;47;3
21;58;3
21;11;3
73;80;4
12;62;1
99;68;1
21;26;4
49;64;1
25;24;4
27;50;2
29;76;5
79;78;5
96;59;2
45;84;2
21;59;2
97;1;3
57;22;3
79;77;2
19;47;5
86;40;5
98;47;1
50;15;5
72;65;4
81;18;1
86;76;4
88;64;3
46;74;1
33;17;1
79;35;3
27;42;2
29;17;4
60;66;3
17;58;4
51;49;1
51;59;5
14;76;4
2;16;3
22;37;2
46;31;3
2;38;4
21;15;4
89;6;4
39;28;3
77;11;3
73;48;4
23;51;1
49;27;1
75;69;1
12;70;4
25;11;3
95;28;3
53;70;3
21;3;4
52;5;2
69;22;4
42;74;4
78;30;3
79;70;3
17;11;2
53;24;5
60;43;4
28;43;5
51;86;3
53;54;5
52;54;4
62;59;3
63;42;3
37;29;1
18;65;1
8;52;2
64;21;2
46;15;1
98;54;1
4;41;2
21;28;3
79;82;4
51;76;4
70;90;5
82;87;4
70;63;4
5;46;3
69;53;3
29;20;1
38;63;2
81;77;1
77;83;2
2;29;3
89;15;4
61;32;5
83;11;1
2;42;4
60;66;1
81;69;2
39;19;3
8;17;5
32;48;2
77;41;2
45;57;1
23;29;2
69;32;5
22;47;2
74;43;1
39;79;3
75;33;3
83;39;4
80;15;2
14;34;3
36;52;5
92;31;3
36;78;2
100;68;5
77;21;4
91;67;3
7;62;2
16;67;1
69;27;5
41;38;4
22;89;3
2;70;2
56;11;3
77;81;4
74;32;2
6;68;2
64;29;3
61;23;3
27;12;3
86;60;4
19;2;2
58;74;4
24;70;4
22;21;3
83;11;2
20;63;5
100;72;3
83;10;1
79;7;5
44;3;1
63;22;4
61;79;3
29;59;5
36;67;4
79;10;4
65;25;4
38;52;2
18;25;4
68;80;3
59;87;4
86;54;4
39;89;2
57;11;4
98;37;4
39;66;4
59;6;2
76;41;2
20;77;5
88;84;3
90;44;3
26;33;1
54;55;5
14;35;2
45;53;5
14;21;4
47;17;3
29;78;4
66;43;2
31;66;5
33;88;1
42;32;2
96;74;4
25;59;5
18;28;3
71;73;2
29;11;4
64;24;5
88;49;1
3;47;1
59;42;2
33;14;4
86;2;3
83;87;4
32;8;2
95;6;3
78;50;2
11;75;5
61;49;5
90;59;4
68;31;4
2;4;4
46;81;1
19;27;4
96;6;1
7;27;4
58;22;5
2;50;2
30;77;3
44;30;3
62;32;3
34;74;5
3;76;3
37;50;2
10;70;3
48;48;1
18;60;2
52;14;1
49;67;5
14;90;4
33;61;4
30;65;4
87;23;3
97;86;5
40;64;4
39;33;5
18;85;5
100;15;5
8;74;5
14;58;4
17;79;3
58;84;3
69;66;1
11;47;5
45;40;4
11;66;5
86;78;2
83;22;3
78;8;2
99;79;4
35;37;1
73;34;2
29;22;2
20;80;3
80;77;3
38;41;4
7;30;1
26;90;2
33;11;4
70;60;2
4;11;3
32;11;4
73;73;2
44;49;3
85;56;2
84;36;3
25;61;2
17;38;3
49;61;1
58;78;3
30;38;1
81;68;2
86;34;5
37;89;4
27;44;2
10;76;4
42;7;4
2;13;3
81;45;1
43;80;5
54;87;2
86;64;2
47;81;5
46;28;1
43;54;1
88;56;4
50;52;4
23;70;3
94;8;1
87;6;2
21;80;3
21;22;1
19;39;4
97;24;4
55;24;5
24;35;3
91;40;3
98;36;3
32;29;1
58;13;3
24;41;2
99;12;3
67;9;3
45;30;5
52;53;5
15;85;5
7;64;2
73;48;2
30;62;5
44;4;3
45;40;2
54;77;4
66;36;3
39;71;2
60;63;3
89;23;5
89;75;3
53;66;1
94;85;3
56;77;4
64;32;3
8;84;1
11;63;3
37;26;4
2;61;2
60;39;4
3;65;5
61;23;5
96;38;4
82;5;4
77;23;2
60;37;3
65;80;3
9;66;2
40;71;4
73;73;4
59;55;5
41;66;2
38;37;2
27;57;4
63;5;2
15;15;1
27;25;3
12;28;5
68;26;3
88;32;4
75;46;4
25;39;1
81;51;3
53;4;1
63;8;2
59;19;5
59;6;3
80;19;2
10;16;5
28;51;5
84;67;3
47;15;2
81;40;3
3;72;5
34;25;2
3;85;4
74;1;3
34;54;5
49;20;3
28;45;3
97;83;1
63;39;2
35;69;4
91;2;3
48;46;3
2;51;2
32;87;3
20;33;4
56;31;3
49;62;1
36;38;3
37;51;3
92;81;2
83;69;1
60;42;4
4;32;3
6;71;2
83;90;1
63;60;4
63;32;2
74;46;3
71;51;3
40;66;4
37;51;5
14;55;3
48;73;2
73;63;5
92;75;2
12;78;1
47;52;4
94;7;2
57;73;3
43;84;4
50;61;3
62;69;3
56;48;5
67;39;5
90;19;3
46;16;4
96;35;5
76;35;4
38;3;5
94;67;4
84;10;5
89;83;5
89;86;4
31;7;5
58;51;2
31;65;2
76;38;2
3;56;2
10;9;4
80;27;2
20;7;4
12;67;2
99;72;4
65;50;3
43;6;5
40;88;2
36;86;4
78;56;5
99;41;3
60;84;4
20;74;5
94;40;5
92;45;2
19;81;5
38;3;4
25;52;3
38;29;3
80;17;2
7;64;1
37;35;3
54;55;5
4;72;4
58;86;2
72;62;1
45;53;2
71;43;5
50;5;5
6;13;4
56;79;2
60;59;4
19;82;3
50;85;4
87;3;3
68;19;5
47;72;2
33;44;5
46;87;3
95;64;4
55;70;3
73;66;3
24;53;3
9;32;2
30;87;3
23;78;3
87;7;4
31;66;1
82;60;5
94;31;2
7;13;4
71;6;3
51;80;2
77;51;5
19;48;5
37;42;4
33;45;2
58;89;2
12;59;5
29;49;1
46;78;2
33;65;4
16;75;4
14;8;2
59;3;4
18;83;4
4;43;3
60;70;1
94;47;1
75;5;5
57;77;4
87;56;1
92;89;3
83;6;5
21;32;5
91;8;3
41;62;3
91;8;4
59;23;2
82;64;2
30;56;1
29;12;1
4;34;5
92;20;2
84;57;3
13;3;3
91;5;2
93;59;3
65;24;4
62;40;3
91;34;3
80;62;2
27;29;3
52;66;3
2;88;3
4;90;1
76;46;1
55;2;5
38;6;1
13;57;4
81;77;2
81;29;1
15;45;4
60;27;3
54;41;2
58;72;3
65;81;4
19;70;2
69;74;1
92;44;4
6;21;2
43;26;5
67;36;4
9;55;4
57;3;1
54;22;3
76;68;3
89;80;3
67;62;2
92;53;2
50;36;4
15;16;4
4;1;1
20;44;2
18;35;1
23;13;3
30;75;1
12;7;3
38;87;4
87;43;4
38;3;3
75;37;2
95;20;5
57;5;3
22;10;1
28;31;5
38;52;5
74;76;2
41;86;4
40;49;3
95;40;4
60;30;5
38;72;4
66;82;4
46;16;1
69;69;2
75;31;4
88;69;3
27;23;4
56;9;1
80;16;5
92;66;3
52;13;4
88;15;3
16;36;5
99;16;2
40;81;3
43;9;4
25;46;2
4;52;5
34;64;4
20;41;4
62;80;2
37;7;5
18;81;5
52;13;3
85;18;3
98;60;2
66;51;1
52;86;2
79;12;2
8;18;4
45;89;4
21;90;4
38;38;2
98;85;1
36;41;3
97;55;3
55;14;4
28;56;2
9;61;5
92;41;5
38;24;3
61;80;3
11;63;2
42;86;2
40;49;1
11;28;4
28;19;3
45;69;4
99;89;2
29;76;2
80;37;4
83;84;3
22;9;2
61;9;2
46;53;2
25;86;4
42;56;4
41;35;3
66;48;5
47;78;4
97;47;5
34;32;2
68;67;2
90;36;5
75;49;1
21;25;3
85;72;2
46;4;1
40;35;5
95;23;3
86;54;2
17;33;2
88;14;2
85;9;3
82;65;2
76;12;2
35;56;3
40;10;3
18;88;4
23;26;4
14;61;4
78;56;3
34;46;3
8;32;2
54;80;5
78;15;4
69;80;2
96;26;3
5;7;2
52;7;1
59;25;4
6;30;1
98;31;4
91;41;4
78;42;4
73;46;2
98;78;3
98;9;2
86;45;4
44;47;2
47;20;2
70;86;3
8;82;4
46;78;3
74;63;1
59;15;2
28;45;1
28;17;5
46;41;5
26;38;3
79;30;3
76;66;4
92;49;1
88;39;3
89;37;4
72;11;5
49;41;5
20;45;3
53;78;1
99;56;4
81;14;1
17;82;2
40;80;4
65;8;3
47;62;4
99;88;2
89;66;2
96;65;2
81;6;2
75;88;4
43;67;5
92;2;5
10;16;3
23;49;2
78;65;1
10;22;2
18;32;2
75;44;3
73;41;2
51;11;4
90;70;5
52;10;2
44;44;4
83;28;4
22;83;5
84;62;1
38;77;4
90;54;3
88;57;4
82;13;4
20;8;5
85;36;2
87;77;1
83;14;1
46;51;1
12;43;1
47;34;5
48;49;3
52;70;5
88;18;3
37;31;4
76;11;5
6;59;1
6;26;1
90;78;3
87;64;3
57;6;3
42;43;5
71;64;4
16;81;3
47;88;2
89;67;5
50;53;1
68;32;5
40;4;4
57;62;3
81;74;2
39;47;4
31;36;2
25;45;3
21;4;3
19;82;4
72;40;2
99;43;2
79;77;3
53;88;2
92;80;5
7;68;1
8;52;5
57;42;2
88;43;1
92;56;2
91;30;4
74;24;2
97;11;3
31;72;5
29;19;4
33;19;1
7;45;3
46;62;3
64;19;2
82;57;4
23;23;5
88;23;4
84;37;4
58;82;2
31;52;4
84;9;2
19;64;4
70;32;3
6;62;2
67;60;1
62;54;2
20;49;3
53;6;4
30;29;5
41;81;1
55;49;2
84;52;2
15;36;3
95;31;5
97;11;1
90;32;2
17;57;5
59;53;3
38;65;1
57;43;2
76;32;5
87;84;4
85;40;2
90;71;3
19;9;5
25;15;4
36;21;2
65;29;2
14;72;4
65;42;1
31;53;3
55;67;5
13;40;5
27;65;4
48;54;2
73;43;4
15;65;3
52;61;4
87;68;4
81;54;4
81;34;4
61;78;5
8;88;4
58;84;5
8;76;4
28;19;4
8;22;3
87;60;5
57;89;4
10;30;4
91;90;1
17;11;4
15;20;3
79;86;1
17;8;3
27;63;2
80;83;3
90;39;2
59;51;4
40;29;2
24;90;3
22;80;2
7;83;1
47;65;3
92;31;2
59;55;1
96;76;3
27;20;1
36;77;3
73;45;2
31;21;3
90;85;5
84;39;3
35;6;3
13;3;3
21;88;3
98;87;3
93;74;1
16;12;2
19;54;4
63;29;4
38;9;3
41;31;2
64;35;4
100;55;5
2;84;3
95;23;5
35;23;4
44;28;4
78;16;3
42;58;5
59;41;2
66;45;2
69;4;5
83;68;2
17;75;3
73;70;2
98;79;5
98;59;1
45;67;3
12;39;2
53;32;3
80;80;2
56;53;5
6;67;1
70;12;4
14;71;3
23;72;2
98;15;4
46;27;5
32;30;3
68;72;5
47;68;3
45;84;3
2;52;2
26;5;2
68;88;4
42;24;2
23;28;1
45;88;2
23;83;2
25;66;2
81;7;4
86;9;3
26;31;2
83;62;2
62;9;4
52;89;4
58;28;4
88;27;2
69;64;4
46;62;3
20;58;4
34;79;3
51;74;3
59;3;3
68;60;2
34;88;2
8;67;4
44;64;4
45;32;3
35;8;2
27;52;2
96;29;1
70;42;3
47;61;4
66;73;2
65;31;2
7;16;4
28;18;2
61;41;1
23;1;2
8;19;1
63;65;1
24;42;3
11;23;3
64;1;4
7;5;5
36;80;4
3;14;1
61;9;1
20;66;4
16;82;5
40;14;4
96;69;4
25;86;3
94;79;3
7;69;2
53;43;4
73;55;3
18;44;3
66;60;4
25;79;5
15;20;2
28;75;4
23;2;1
85;86;4
8;37;4
30;35;2
61;55;4
67;9;3
66;31;4
71;68;1
27;23;2
85;23;2
26;82;4
58;39;2
15;35;3
2;68;2
15;85;3
97;32;2
29;4;4
68;76;4
92;74;2
87;52;5
10;30;2
60;55;2
94;47;3
66;67;3
38;54;4
90;32;5
37;70;3
52;28;2
53;53;4
47;51;3
93;72;3
21;6;5
51;87;4
76;59;2
59;76;2
6;59;4
83;84;1
96;80;3
14;55;4
35;80;4
5;65;4
95;64;5
61;4;1
9;89;4
54;42;3
86;12;2
47;76;3
75;85;4
98;14;4
72;81;4
74;2;2
50;60;2
59;80;3
81;75;5
24;3;5
26;55;2
48;13;2
21;80;4
95;49;1
11;75;4
37;65;4
45;52;2
5;89;2
33;53;2
82;32;4
73;89;2
97;52;2
93;20;2
4;23;4
90;8;5
71;73;2
87;54;2
85;23;3
92;76;2
37;59;3
61;52;1
87;21;3
96;59;5
56;81;5
1;85;4
64;62;4
87;79;4
25;41;3
27;68;3
32;27;1
17;49;2
18;76;2
23;73;5
46;38;3
70;64;3
58;19;4
7;61;3
84;65;4
100;14;5
19;35;3
44;59;3
52;85;4
74;52;4
48;87;4
2;57;4
93;11;3
81;89;2
73;21;2
73;48;3
53;83;5
32;59;3
25;40;3
43;72;3
100;61;5
81;55;4
3;6;4
98;22;5
74;78;4
46;69;2
47;12;4
19;41;5
24;8;3
24;72;2
31;63;3
33;22;4
48;15;2
47;78;4
79;31;5
91;27;5
29;89;4
73;66;5
32;89;5
82;13;3
63;69;3
45;40;3
20;21;2
93;89;4
57;16;2
39;39;3
33;37;4
85;90;4
77;84;3
26;5;1
92;29;4
64;61;2
32;30;2
48;37;3
10;66;3
30;14;2
67;44;4
57;5;4
48;78;2
37;3;1
14;29;4
86;50;4
54;76;3
99;40;3
83;89;2
85;32;1
22;75;2
74;11;3
45;49;4
98;50;1
18;72;3
44;85;3
67;85;4
9;39;2
4;14;5
92;5;5
85;38;2
20;32;2
16;64;4
66;68;2
32;79;4
32;78;4
74;1;5
41;18;4
66;20;2
72;34;2
70;77;2
85;88;2
84;54;3
28;4;4
18;74;2
46;22;4
87;63;3
38;24;2
59;70;1
75;41;3
72;83;4
45;19;2
62;83;2
94;32;5
27;79;4
79;80;4
57;51;2
77;33;2
13;8;3
15;46;4
77;80;5
19;68;4
41;16;1
45;45;2
31;9;4
53;2;4
31;67;2
49;62;4
57;81;3
20;85;1
38;28;5
93;62;4
96;66;1
53;81;4
74;74;4
98;27;4
41;74;1
17;77;4
88;6;2
49;56;2
60;16;2
28;69;4
11;33;5
51;78;2
96;81;4
24;60;4
29;32;3
19;80;2
53;89;3
37;79;2
71;53;2
33;75;4
27;66;4
69;74;2
73;59;3
61;81;2
74;61;4
60;84;5
29;89;1
83;80;4
38;22;1
53;51;1
92;52;2
83;73;2
40;70;3
4;72;1
18;66;3
63;43;4
40;89;4
23;4;5
66;26;2
15;6;2
33;4;2
69;36;4
39;15;2
48;39;4
76;12;3
71;85;2
19;14;1
97;36;4
65;48;3
23;72;2
94;86;5
95;65;1
74;27;2
73;61;2
80;67;2
86;52;2
88;78;5
1;74;1
87;3;1
15;59;2
38;43;5
42;85;3
5;47;1
80;8;2
62;23;1
50;65;4
78;16;5
71;54;5
73;67;5
40;86;2
27;65;5
19;45;4
63;50;3
46;88;3
83;59;1
11;80;3
36;12;3
7;83;3
40;78;2
4;17;2
96;36;4
98;89;2
62;56;5
30;33;4
7;79;2
46;72;4
84;2;2
34;34;2
90;55;4
66;35;5
80;74;1
96;3;3
78;14;5
20;47;3
51;71;3
6;58;4
49;90;4
82;85;4
34;4;2
59;18;4
55;39;2
5;35;4
81;66;4
83;20;2
64;33;1
82;47;3
81;38;1
50;12;5
93;69;3
12;24;2
95;69;5
69;77;3
37;34;4
45;71;4
29;49;3
47;77;3
76;71;3
71;58;1
26;49;4
11;81;2
67;26;4
77;39;1
3;26;3
46;70;4
41;2;3
38;43;2
20;43;3
70;74;2
90;75;4
18;74;3
71;37;2
29;42;5
53;34;4
47;63;4
36;31;2
68;50;3
97;76;3
41;24;3
52;31;5
96;64;5
7;6;3
94;36;3
53;6;2
56;86;2
16;11;1
73;40;2
57;41;3
27;20;2
86;81;3
78;88;3
98;21;4
96;27;4
50;2;2
72;10;1
77;67;2
19;58;3
52;82;3
20;29;2
97;89;2
50;21;5
24;34;2
45;69;1
72;46;1
87;28;3
30;56;1
28;11;3
64;80;2
73;6;2
58;31;4
70;81;1
8;48;4
38;32;1
4;7;2
81;56;4
59;51;2
4;56;2
68;17;1
88;39;2
56;86;2
3;39;4
44;28;4
71;22;4
18;20;5
13;86;3
12;52;4
97;52;4
6;63;1
57;53;5
12;64;4
28;56;3
92;83;4
91;30;2
73;29;3
70;62;3
48;55;3
75;13;4
32;17;4
46;35;3
1;80;2
72;56;4
71;70;5
29;44;4
93;5;2
60;42;2
90;49;3
49;69;3
18;68;3
94;44;1
48;17;1
33;68;4
58;84;1
17;57;1
11;28;1
83;78;5
65;33;2
74;4;4
97;6;4
13;45;2
70;58;1
70;89;2
72;68;3
12;50;2
98;11;5
64;25;2
17;25;1
59;83;3
14;58;2
45;23;4
8;84;5
16;21;5
33;84;3
6;44;2
94;43;2
41;52;4
85;44;2
33;55;4
14;78;2
82;36;4
38;73;4
92;81;3
36;13;1
37;12;3
99;76;1
58;37;1
41;65;1
60;2;4
67;42;2
56;20;4
11;44;1
88;71;4
75;84;2
84;54;4
63;8;2
13;28;2
94;80;1
91;18;3
76;67;5
54;66;4
58;72;2
83;80;3
64;18;4
15;33;4
38;57;3
7;60;3
40;86;5
51;81;3
65;49;1
13;69;3
59;41;2
56;20;2
94;23;2
27;47;3
7;32;1
100;7;5
92;15;2
68;71;2
25;55;3
84;56;3
78;84;2
76;40;1
59;34;2
99;41;3
32;79;3
77;75;3
24;6;2
58;44;4
20;42;2
6;89;2
72;64;3
66;71;3
48;35;5
47;21;1
42;40;4
19;34;3
2;29;4
1;59;3
94;38;3
87;74;5
40;54;2
83;50;1
87;72;3
25;29;5
32;28;5
58;2;2
8;90;2
58;28;4
39;24;3
57;21;1
52;45;2
26;54;3
2;76;1
20;18;4
84;31;5
34;14;3
6;22;4
58;71;4
82;30;2
28;49;2
39;61;1
84;45;1
50;41;2
43;37;1
33;36;5
48;9;4
97;52;4
66;43;4
16;56;3
64;10;3
41;85;5
87;44;2
15;4;5
65;72;5
52;10;2
56;66;4
97;24;5
77;3;2
72;79;5
22;59;3
4;34;4
35;15;3
81;56;1
84;29;4
61;20;2
18;23;3
90;44;4
52;75;4
80;4;3
97;29;2
49;77;5
85;31;3
24;87;3
38;81;2
3;5;3
81;45;2
75;32;4
55;85;2
94;50;3
43;61;5
99;5;4
34;42;2
33;2;2
6;18;2
99;48;5
62;14;1
81;22;5
52;58;4
20;69;3
52;29;4
34;21;4
7;77;3
76;70;5
16;7;4
8;15;2
44;53;3
3;78;2
76;5;5
53;59;3
14;5;5
72;34;3
9;44;4
100;67;3
49;26;2
25;8;3
85;73;2
34;66;1
32;89;2
41;46;3
16;69;2
47;77;5
68;64;3
34;20;5
66;44;2
42;24;4
78;4;5
32;64;5
88;64;5
81;37;2
92;70;3
15;23;1
79;84;4
41;81;2
92;85;5
93;22;3
83;73;3
89;85;1
26;40;4
16;40;5
85;27;3
77;41;3
22;10;2
64;9;3
71;70;5
10;18;2
35;90;1
49;79;2
43;79;4
72;74;5
23;43;4
69;60;5
57;35;2
34;9;4
14;9;4
93;78;3
50;35;1
31;16;2
93;4;4
61;22;1
11;23;3
64;52;4
55;36;2
51;78;2
25;90;5
50;41;4
77;64;5
11;54;4
37;6;5
62;21;2
40;81;3
55;16;4
94;50;1
75;83;3
55;58;1
28;36;2
15;24;3
77;5;5
50;16;4
82;77;2
73;90;4
39;84;3
3;16;3
95;35;5
87;80;3
45;5;2
33;34;4
78;88;1
24;23;5
93;7;3
33;65;1
33;48;3
14;21;4
46;10;4
38;62;3
99;27;4
18;20;4
66;28;3
91;15;2
37;6;4
71;74;2
72;72;3
92;37;1
17;47;3
31;9;5
28;19;2
78;85;1
68;6;2
18;65;2
90;75;2
24;47;3
57;35;4
42;33;5
7;15;1
61;2;2
64;12;2
59;75;3
38;80;3
33;25;3
76;57;2
90;55;3
99;4;5
9;59;2
44;4;4
49;77;4
93;64;3
23;71;3
3;81;2
73;25;3
8;57;5
59;69;2
35;69;2
57;39;2
10;43;3
13;65;2
86;3;1
69;4;3
28;46;3
68;42;3
27;78;1
47;37;3
33;15;3
38;50;4
53;56;3
83;45;3
26;7;4
11;88;4
92;81;3
14;37;3
41;41;3
78;29;2
62;5;2
56;2;4
16;19;3
17;29;5
76;28;1
92;50;2
53;79;5
23;42;4
3;32;4
49;32;4
86;66;5
84;45;3
49;24;3
48;70;3
38;21;3
80;69;5
24;43;4
89;73;4
74;67;5
56;8;4
6;24;5
87;35;1
43;39;4
90;65;2
30;75;3
62;82;3
54;17;5
86;77;1
99;31;4
85;79;2
63;4;2
13;21;2
78;9;4
45;43;2
8;48;2
62;30;3
86;30;2
70;45;4
10;59;1
2;71;2
57;71;4
43;58;3
43;36;2
14;35;5
42;11;4
32;85;3
47;40;4
84;56;3
46;77;4
10;21;3
57;47;3
25;53;3
46;43;3
58;75;2
16;2;2
75;40;4
41;8;2
13;43;2
44;27;1
8;29;2
97;28;1
84;29;2
39;35;4
21;61;4
85;29;5
13;34;2
57;5;4
39;52;3
66;17;2
94;35;2
68;61;4
7;67;4
59;73;1
57;49;2
89;70;3
82;11;5
20;38;2
86;21;4
61;10;2
64;68;4
84;76;4
24;65;3
82;62;4
18;38;4
81;56;4
40;22;4
5;85;3
92;52;5
90;83;3
23;56;2
88;44;3
80;54;1
93;14;2
36;71;4
64;64;2
84;13;2
45;73;3
50;14;3
45;25;3
21;68;2
51;84;3
91;40;5
3;58;3
13;52;4
7;57;1
14;38;2
61;53;5
78;90;2
35;90;3
61;25;4
23;14;1
86;14;2
2;54;5
59;39;3
58;75;5
59;7;4
16;21;3
47;80;2
64;35;5
82;24;1
85;54;5
41;40;2
2;86;4
87;89;5
89;71;2
96;85;3
94;52;2
54;78;3
54;20;2
77;5;2
80;9;3
15;85;1
12;5;5
48;76;4
60;21;1
89;80;2
28;35;3
8;10;3
44;59;3
12;14;5
52;53;4
66;31;2
28;15;4
69;25;4
57;56;1
36;15;3
84;63;3
89;57;4
36;87;4
39;27;4
31;52;1
42;82;2
47;77;1
58;2;4
77;68;3
88;52;3
24;26;4
86;73;2
86;75;2
48;67;4
89;49;3
27;27;3
33;20;4
29;60;2
68;85;3
58;86;5
95;22;3
94;19;2
10;22;5
60;28;4
78;71;4
11;30;2
12;75;5
33;72;5
98;27;2
59;60;3
72;21;4
26;69;3
74;53;4
47;39;1
58;43;5
30;39;4
27;47;2
20;43;3
66;15;4
19;14;4
38;55;4
89;90;5
79;38;1
6;89;3
83;55;2
10;72;3
27;58;2
75;19;1
38;86;4
9;88;2
48;43;3
70;53;3
34;22;2
27;38;3
99;88;3
54;79;2
49;65;4
41;64;1
7;51;3
14;36;5
16;64;3
55;63;2
5;2;2
46;43;1
87;33;2
8;84;2
3;71;2
24;45;3
76;45;2
68;56;2
77;42;5
59;15;2
25;68;2
61;64;3
72;2;1
29;70;2
6;16;2
48;7;5
52;89;3
18;25;4
71;77;4
83;32;5
94;30;4
8;75;4
63;58;4
9;68;3
31;39;3
5;78;1
24;23;4
16;29;4
22;54;2
50;16;4
56;33;3
20;31;1
81;67;4
60;64;2
49;26;4
6;14;2
2;6;1
40;47;4
32;53;4
94;76;3
98;54;2
45;33;3
22;56;1
3;79;3
72;79;1
12;22;2
20;46;4
8;16;3
11;45;2
80;86;1
80;56;1
18;72;5
3;62;3
70;52;1
83;34;2
87;76;3
58;39;5
19;16;1
8;18;4
48;42;2
76;20;2
39;4;1
5;60;3
31;71;4
71;5;2
52;6;2
86;68;3
78;25;4
52;6;3
29;18;4
14;17;3
99;64;4
43;21;3
82;51;2
86;84;5
94;15;2
69;67;5
79;46;2
78;11;2
37;66;4
54;65;2
23;79;1
65;67;2
80;18;4
3;60;2
87;58;2
96;76;2
14;30;2
23;77;4
41;87;4
56;28;4
33;71;3
14;47;1
65;65;1
64;65;3
87;8;1
62;28;4
86;34;5
83;74;2
39;2;4
23;54;1
53;36;1
25;36;4
90;28;4
82;30;3
22;21;5
26;39;4
21;65;4
2;65;4
21;89;5
94;16;1
37;56;3
27;70;2
82;20;3
55;16;3
61;45;3
84;15;3
14;61;3
62;42;2
17;41;5
91;2;2
11;30;2
86;65;3
6;27;3
36;62;2
97;46;4
12;40;4
45;68;2
52;86;3
15;18;1
49;8;1
89;56;4
47;27;5
18;23;3
59;63;2
98;30;1
61;74;4
72;85;4
58;75;5
58;18;4
38;61;2
4;23;3
75;79;2
54;72;4
33;36;1
78;54;1
26;6;3
53;18;3
21;35;2
45;3;2
65;22;4
43;39;4
79;27;5
18;61;3
65;25;3
98;53;3
40;56;2
47;41;4
58;75;2
2;23;2
8;59;2
42;70;2
79;32;1
91;40;2
60;48;4
20;76;1
36;82;4
95;11;5
89;29;4
84;19;2
83;73;2
91;64;4
24;67;3
60;37;5
85;82;5
13;54;3
88;66;3
13;15;5
35;69;2
26;62;2
33;10;5
22;62;1
26;53;5
89;78;2
27;12;2
75;42;2
12;30;2
32;80;3
12;85;3
39;66;3
82;1;4
35;32;3
42;90;1
92;15;3
29;86;1
51;81;4
56;54;3
85;90;1
21;61;2
58;72;1
56;24;2
35;62;3
30;68;3
99;88;5
71;30;2
3;18;2
5;14;2
34;37;5
47;48;2
15;46;2
20;58;4
67;76;3
88;48;2
9;57;2
54;19;3
59;25;1
29;44;4
44;67;2
14;5;4
100;55;2
3;70;3
40;44;5
19;78;2
31;81;1
11;61;2
1;20;3
88;13;2
22;74;3
80;65;2
99;43;3
20;25;3
42;76;3
32;10;4
60;54;3
53;64;4
55;23;1
52;19;2
95;80;4
91;60;2
22;10;4
88;21;5
82;21;3
54;48;5
78;27;2
15;12;4
13;30;3
77;18;5
52;50;1
18;8;2
41;51;5
47;18;3
2;30;5
21;64;3
60;1;3
32;55;3
74;89;4
14;74;1
4;28;4
26;36;1
44;35;5
81;34;2
38;11;1
92;90;2
57;18;4
1;54;3
60;76;1
40;38;3
21;14;2
21;45;5
39;82;3
23;36;3
8;49;4
28;34;5
98;5;3
83;89;3
46;14;4
65;28;1
9;5;4
90;72;4
60;63;4
96;50;5
32;68;2
55;4;3
6;90;3
42;56;4
39;37;1
69;84;4
70;9;2
52;85;2
28;23;2
91;66;5
64;9;3
27;8;3
72;21;1
13;17;3
77;80;3
25;36;5
89;24;3
6;51;2
84;48;2
45;2;4
67;24;4
60;82;1
77;57;2
25;50;4
72;19;2
65;82;3
75;78;3
75;86;3
23;49;4
82;23;1
63;62;5
71;10;2
53;16;2
7;52;4
88;38;2
22;18;4
70;23;4
65;73;4
68;10;2
43;88;3
61;60;3
45;65;5
21;59;3
85;59;2
17;46;4
2;60;1
71;3;2
6;13;4
83;37;1
93;82;1
10;51;4
92;80;2
83;66;3
91;67;3
13;1;2
93;47;4
17;50;2
50;7;4
96;55;5
59;28;1
93;61;2
52;65;2
39;64;4
56;50;2
98;82;3
51;52;2
71;11;2
62;30;4
38;13;5
94;37;2
24;76;5
40;7;5
19;65;2
77;68;1
96;2;3
11;24;2
95;77;3
44;41;3
27;30;5
88;82;2
55;8;5
28;54;2
75;15;1
98;76;3
58;21;2
73;16;3
50;22;1
11;66;2
56;85;4
12;41;4
54;22;2
57;83;4
85;14;2
6;7;4
47;69;3
7;81;3
78;25;2
44;21;4
34;79;2
51;82;1
66;81;1
73;13;5
4;3;2
77;13;2
94;16;5
2;2;4
88;44;5
48;35;4
80;49;3
18;58;2
2;69;2
80;14;1
86;55;2
78;35;3
83;37;5
47;84;2
14;67;4
70;60;4
62;57;3
2;57;3
20;22;4
14;63;1
20;65;5
84;53;4
39;57;4
76;17;4
94;34;3
13;76;3
65;46;5
24;62;1
14;87;2
12;26;3
35;14;1
99;27;5
82;41;5
32;72;2
64;85;1
80;28;2
83;52;1
17;7;2
91;57;2
98;29;2
54;85;5
97;61;4
80;24;4
27;79;3
45;16;3
59;23;5
5;75;2
44;61;4
34;13;2
11;46;2
75;34;1
91;22;1
56;16;2
93;8;4
49;84;2
42;41;2
33;66;3
3;5;3
96;74;5
91;38;3
3;60;1
14;46;2
43;64;3
16;42;5
3;31;4
42;8;5
16;69;2
7;2;5
50;19;4
58;4;2
54;81;3
51;20;4
70;88;3
71;49;2
99;54;2
86;74;5
78;73;3
25;46;2
32;50;5
3;83;2
62;8;3
5;36;5
84;33;2
15;76;3
79;80;1
27;42;2
25;57;4
19;47;2
22;69;2
14;25;4
81;68;5
41;39;1
26;26;5
21;73;3
98;50;1
81;65;5
1;23;4
71;8;1
78;27;1
43;11;2
28;40;5
55;74;3
13;4;3
80;53;4
35;39;1
48;61;5
20;15;3
97;33;5
34;6;4
45;16;2
12;44;2
83;61;4
96;42;4
35;81;2
97;55;2
57;9;1
9;10;4
39;50;4
73;4;3
95;66;4
97;53;5
67;85;3
8;8;5
52;18;2
10;49;4
97;73;1
4;65;2
70;64;2
13;87;3
4;76;3
39;13;5
92;48;4
61;6;2
34;57;2
19;75;4
4;65;1
33;39;4
95;40;4
74;53;2
74;5;2
86;61;2
63;70;2
22;48;1
95;16;3
1;42;3
3;75;3
28;59;2
33;34;2
7;3;2
14;42;4
83;20;1
78;50;2
63;45;4
25;52;4
80;46;3
75;20;2
3;59;3
42;32;2
83;61;5
59;27;4
5;61;3
77;63;4
75;42;2
27;9;4
54;89;4
98;33;1
34;12;2
59;58;2
55;18;1
15;46;3
43;77;2
90;41;3
25;65;2
33;34;3
20;7;4
68;75;3
37;48;4
36;30;5
69;87;5
3;44;2
15;79;1
69;36;4
4;71;1
98;3;3
32;51;3
18;18;4
42;87;1
63;35;1
8;37;2
60;58;1
88;75;4
65;37;5
73;54;4
35;13;5
92;45;3
80;15;2
11;10;1
45;25;4
64;22;2
75;7;2
14;84;2
7;87;3
71;82;5
21;56;1
54;19;2
33;84;2
63;39;4
75;30;3
94;47;3
17;87;2
28;85;5
63;81;2
80;47;2
36;67;1
58;71;4
12;79;4
14;82;3
90;45;3
39;89;3
23;48;3
59;34;5
37;16;3
39;69;3
45;31;2
36;15;4
27;12;4
82;29;4
5;5;2
29;71;2
55;44;4
3;62;5
21;21;4
21;23;3
83;89;1
21;58;5
99;67;4
27;38;4
4;67;2
99;65;3
98;30;4
70;41;2
51;71;4
14;51;2
5;46;1
4;16;2
10;86;5
57;3;5
99;20;2
63;47;5
29;84;2
35;25;3
79;37;4
80;55;4
42;67;5
19;32;3
70;81;4
6;67;2
90;43;5
71;14;4
58;82;2
5;2;4
15;51;3
93;66;1
37;67;2
70;35;2
92;75;4
96;13;2
25;14;3
98;41;2
66;48;2
26;58;2
71;57;2
54;33;1
60;36;2
79;4;2
25;1;4
31;9;2
62;43;3
67;8;4
95;10;5
19;72;1
30;49;5
11;34;4
92;44;3
25;37;3
3;22;5
86;25;2
20;83;4
10;50;5
60;31;2
43;76;1
84;6;2
18;23;3
19;75;3
8;34;3
17;75;3
70;78;2
74;43;5
99;4;2
79;86;3
32;6;2
20;80;4
19;26;3
10;42;2
89;81;4
3;37;3
91;16;1
78;49;4
52;83;3
41;31;1
68;28;4
62;81;4
47;33;3
63;89;5
92;87;3
33;45;2
10;55;3
27;13;2
1;63;4
58;76;3
90;81;4
66;85;1
72;26;2
50;31;2
47;85;2
44;63;3
61;89;3
74;58;1
31;53;4
32;90;2
14;7;4
40;56;2
1;85;4
41;21;5
82;30;3
92;81;4
34;18;1
87;81;1
32;5;1
49;46;1
50;61;5
11;49;2
36;83;2
51;55;2
37;89;3
13;11;2
46;19;3
79;7;3
22;65;4
18;40;1
91;76;4
93;56;1
96;83;3
25;19;2
73;9;3
73;35;4
90;22;4
27;88;3
99;41;1
53;87;2
67;23;5
58;39;1
96;33;5
42;83;4
88;61;2
97;34;4
59;41;5
74;51;2
80;75;3
65;18;2
82;35;2
64;87;4
39;3;5
10;81;3
88;17;4
87;36;4
9;57;3
87;33;4
70;60;3
47;67;4
2;58;3
55;72;1
26;4;1
48;69;4
23;78;5
18;53;5
80;51;5
26;73;4
30;69;1
81;35;2
62;64;5
64;60;4
58;22;4
55;90;2
45;48;2
21;31;3
94;51;5
33;12;5
82;12;3
96;7;3
83;54;5
70;83;3
48;70;5
24;11;2
91;66;4
68;86;4
80;77;4
46;4;2
75;41;2
27;22;2
7;4;2
1;48;4
87;56;1
77;51;3
55;78;4
61;16;3
55;46;5
21;82;2
26;31;2
19;86;3
62;85;5
68;46;2
59;54;1
1;41;2
63;43;3
9;57;3
83;71;2
41;81;4
47;55;4
58;78;5
68;33;4
16;29;3
79;36;4
71;42;3
40;30;1
18;15;4
13;90;4
47;42;5
54;71;3
62;51;5
68;77;5
87;48;3
29;38;1
58;73;1
30;70;3
50;53;2
78;28;5
1;52;3
89;44;3
21;37;1
16;54;2
2;41;3
99;16;4
43;28;5
16;7;4
97;48;5
92;72;2
97;26;1
70;57;4
98;73;2
74;25;4
37;57;2
87;39;4
46;45;5
95;15;2
53;88;2
4;80;2
64;6;2
50;26;4
11;16;1
47;54;4
59;76;2
20;34;3
82;54;4
16;50;4
84;67;2
15;36;4
78;85;4
17;90;4
80;25;4
66;73;4
36;69;1
72;88;1
3;19;4
94;12;2
31;10;5
81;74;4
67;22;1
6;81;3
1;38;5
38;8;3
77;33;5
98;75;2
60;32;3
29;47;3
94;54;2
2;20;1
5;76;2
83;83;3
43;12;3
49;35;5
67;43;5
14;32;5
19;61;5
26;10;2
42;16;4
71;70;4
66;40;1
1;85;4
7;64;3
95;82;3
12;43;3
78;38;3
38;33;4
68;79;2
20;12;3
72;55;5
48;42;5
52;71;2
43;20;4
7;62;5
76;24;2
20;39;2
62;36;2
15;7;4
82;63;2
16;63;3
11;89;4
52;29;1
51;78;3
27;2;2
96;37;3
94;14;2
10;68;3
29;6;2
99;68;1
57;36;3
84;60;2
85;34;4
55;88;1
81;89;4
100;22;4
95;73;1
59;77;3
76;22;3
76;43;5
70;73;2
74;14;3
48;73;3
47;89;4
61;32;4
23;20;4
4;53;1
73;37;4
20;41;2
60;85;2
50;71;1
70;90;1
99;26;2
74;87;1
87;89;4
67;74;2
89;63;4
9;7;2
71;11;3
87;15;3
17;49;2
12;22;2
76;31;5
48;11;4
38;9;2
82;42;2
46;37;4
8;25;4
39;73;3
26;82;3
24;29;4
52;58;3
74;89;4
60;52;2
57;40;3
53;8;4
70;32;4
52;77;3
71;73;2
59;55;2
15;22;5
57;4;3
4;39;4
65;30;2
24;20;1
20;3;3
95;72;3
36;23;2
17;75;3
95;9;3
4;73;2
91;86;3
94;61;3
49;58;2
76;17;3
56;38;4
87;89;5
64;45;2
11;24;4
88;57;1
40;3;5
81;70;4
100;60;4
14;60;3
46;29;5
8;55;5
67;47;4
98;87;3
6;82;1
81;28;3
81;53;5
61;82;3
47;60;2
7;40;3
88;61;2
2;25;1
22;80;3
38;46;4
45;74;2
7;18;3
59;82;2
40;11;4
5;76;4
89;11;3
57;9;5
25;21;4
47;3;4
77;68;2
57;75;3
88;48;4
56;57;5
2;74;2
62;88;1
39;38;3
27;31;4
23;61;3
96;42;5
2;2;2
30;28;4
83;70;3
97;37;3
20;47;5
9;88;2
2;23;2
67;27;2
92;64;4
47;77;3
46;9;5
15;88;2
68;82;1
23;10;1
17;61;2
89;45;2
47;28;4
98;72;3
69;5;3
34;9;3
42;6;5
72;20;3
28;34;5
25;7;3
3;6;5
16;20;4
44;84;3
50;26;5
6;4;2
48;1;3
65;8;5
67;80;3
73;6;3
43;27;3
7;42;4
59;54;2
28;84;2
80;73;4
30;54;3
72;32;2
63;52;1
64;62;4
91;46;2
75;44;3
37;36;2
5;2;3
66;54;2
50;25;5
67;53;3
27;1;2
44;14;4
78;74;5
43;8;5
66;6;3
37;49;5
34;82;2
64;7;3
28;71;3
21;77;5
26;67;5
29;31;5
96;45;4
83;89;4
15;33;3
58;40;4
6;31;5
37;62;1
56;87;1
49;64;3
38;87;4
81;51;1
22;81;3
32;57;1
58;47;5
79;34;3
63;40;3
5;76;4
4;8;1
4;41;5
4;79;3
13;68;4
20;77;4
32;72;3
59;40;3
63;88;2
18;83;3
29;73;3
57;75;2
43;51;4
23;89;5
75;53;4
15;60;2
57;34;4
74;9;5
94;61;5
61;19;1
86;23;3
78;16;3
43;77;2
83;75;4
92;23;3
61;2;4
61;16;2
38;86;3
93;11;2
58;88;4
27;90;1
36;44;2
48;4;3
14;27;4
77;70;3
81;5;4
60;10;3
21;30;2
47;39;3
69;73;3
12;29;4
58;7;1
82;27;5
14;35;3
35;52;4
8;4;1
8;12;2
54;31;3
60;57;4
94;83;4
11;13;1
16;70;3
2;44;4
48;36;3
82;39;4
37;89;3
85;63;4
24;24;3
26;57;2
6;72;4
16;69;5
91;25;1
13;18;1
12;21;3
31;57;5
40;84;1
22;31;1
33;12;4
95;35;3
49;30;2
62;79;3
77;44;2
37;26;2
59;53;4
90;53;3
84;38;1
39;9;4
59;32;4
88;75;4
10;8;4
7;44;4
13;27;2
86;4;4
56;44;1
94;4;4
83;70;5
93;2;5
72;39;4
57;17;3
80;72;4
79;84;2
28;66;4
69;71;4
10;89;1
55;37;2
60;72;4
51;18;2
38;41;5
65;25;5
30;80;5
48;27;4
84;12;1
93;51;4
76;8;4
88;43;4
60;83;4
46;9;3
17;68;4
71;22;2
25;12;4
61;42;4
43;76;2
23;80;5
48;50;5
11;16;2
36;2;2
82;8;4
21;60;3
48;53;4
60;77;5
14;87;4
100;34;3
6;19;2
63;80;2
50;18;4
67;46;2
44;51;5
53;30;2
34;10;1
56;7;4
81;74;2
40;20;5
45;39;2
67;86;3
11;9;2
49;72;3
97;60;4
29;80;5
49;14;3
57;20;5
4;12;4
50;26;4
64;39;2
65;12;5
34;88;3
65;70;3
42;2;4
22;62;1
29;24;3
82;86;4
28;41;3
55;72;4
15;72;3
83;74;2
76;48;3
68;84;1
8;86;2
19;12;4
13;82;3
63;62;2
39;32;3
64;70;1
37;72;3
46;13;4
35;14;4
72;80;3
88;49;4
45;58;4
31;72;3
40;55;2
20;65;4
80;88;3
19;13;2
42;20;4
31;88;2
90;69;2
70;10;2
97;5;2
80;67;2
26;22;2
56;26;5
2;73;3
62;71;1
34;54;2
65;69;4
62;8;4
82;54;5
9;22;4
38;63;2
86;73;1
36;59;4
42;84;4
27;48;3
75;66;1
11;66;1
6;85;4
22;10;1
92;46;4
91;60;4
65;49;1
93;18;5
22;72;2
60;44;4
94;68;4
4;15;3
91;87;5
82;29;3
75;23;1
21;61;3
4;68;4
7;23;1
63;86;4
67;66;3
68;26;3
75;77;4
85;72;3
81;79;5
22;55;3
11;54;3
66;53;2
27;50;4
86;86;2
38;18;2
98;44;4
21;17;5
93;5;4
18;69;1
86;18;2
54;32;3
82;57;4
6;65;4
21;59;1
13;48;3
35;60;4
30;87;1
7;36;1
30;34;1
77;65;2
30;39;5
86;2;2
27;47;4
93;63;2
16;46;3
13;37;5
79;20;3
74;15;2
38;39;1
9;89;4
56;53;4
33;6;1
45;67;1
42;25;2
63;90;3
73;68;3
80;12;3
32;74;5
79;87;2
25;72;2
92;61;2
68;2;1
6;53;5
33;16;3
88;2;1
44;19;4
94;60;2
43;75;5
84;23;1
53;48;3
35;6;2
25;67;4
31;5;3
12;46;4
80;26;2
37;30;4
7;51;3
13;82;3
44;32;1
63;65;3
82;55;3
30;53;2
73;28;1
52;16;3
46;22;2
51;40;3
72;30;4
99;45;4
26;4;4
34;2;2
32;66;3
14;87;2
61;59;3
44;58;4
80;26;3
67;63;1
77;76;5
73;74;5
29;70;1
11;53;5
25;17;3
87;9;1
96;37;3
67;33;4
93;57;4
83;1;3
81;72;2
66;50;1
54;59;3
42;29;4
46;56;2
69;33;1
19;41;4
56;30;3
7;35;3
80;63;5
90;27;2
20;79;3
6;87;4
88;5;3
87;33;3
73;46;1
23;5;1
25;11;1
72;53;3
22;19;3
83;1;2
36;76;3
56;31;4
62;22;4
52;86;3
90;64;2
92;31;2
53;85;4
79;87;4
47;6;5
94;47;4
89;18;3
32;80;3
97;81;4
89;40;1
85;80;5
84;86;2
95;35;4
7;64;2
85;29;4
10;27;5
64;87;3
58;23;4
24;6;1
51;52;5
7;25;4
24;84;3
80;40;2
18;48;3
89;21;1
48;32;2
85;78;1
95;22;3
3;54;2
31;38;5
52;77;3
82;22;4
8;11;5
23;56;2
37;71;3
10;31;3
74;11;3
21;19;2
89;15;4
10;20;3
19;4;4
56;34;5
55;28;1
32;89;4
12;86;2
92;64;4
97;11;3
30;10;3
49;47;4
32;42;1
75;45;1
18;24;2
2;84;3
35;75;2
95;19;3
83;10;2
71;7;2
73;36;1
29;62;3
25;19;4
91;47;2
12;23;2
17;1;5
71;73;3
16;12;4
69;76;3
35;23;2
71;4;1
44;37;1
11;14;4
47;19;3
21;83;3
20;3;4
58;22;2
16;46;4
91;31;3
44;17;4
83;52;2
39;82;3
87;20;5
10;70;3
11;29;4
36;75;3
61;2;2
84;21;2
5;8;2
54;90;4
70;16;2
6;75;1
53;5;2
27;33;3
85;2;5
69;6;1
53;47;3
8;61;4
53;3;2
36;47;4
8;54;4
9;49;3
22;61;1
23;36;2
5;15;2
57;2;3
93;62;5
10;75;4
76;28;2
24;68;2
34;15;4
14;59;1
92;37;3
9;61;2
31;21;3
93;58;4
41;54;1
84;20;3
12;53;4
97;8;4
88;40;2
48;20;4
29;5;4
29;44;2
11;46;2
27;54;4
25;17;2
44;9;2
39;16;3
36;4;4
55;10;2
92;46;2
53;88;5
62;88;4
7;7;3
72;56;4
53;18;3
42;39;4
86;6;4
36;42;4
24;31;2
15;68;4
55;8;4
81;78;4
93;50;1
57;55;3
41;36;2
99;76;4
88;52;2
89;50;4
93;74;5
3;7;4
41;29;3
26;26;4
38;17;4
81;44;2
21;12;4
11;72;5
69;5;3
39;21;1
24;62;3
93;47;1
33;49;3
33;53;1
88;27;3
36;6;2
16;34;2
36;24;4
46;28;2
35;34;4
97;87;4
12;8;1
51;83;3
4;88;2
31;7;4
17;83;2
14;9;4
44;41;2
33;74;4
91;62;2
31;88;2
70;62;2
22;29;2
66;52;5
68;36;3
39;13;1
57;36;3
76;6;3
74;41;4
84;79;4
79;62;2
87;18;2
98;74;3
49;29;5
44;38;1
69;78;3
40;13;1
41;43;2
1;41;3
39;46;3
53;31;3
49;36;3
77;86;4
1;72;3
19;9;5
18;49;3
33;9;3
9;40;1
3;6;4
2;12;3
32;12;4
72;5;4
24;6;1
44;21;3
90;12;5
13;88;4
91;4;4
100;20;2
44;11;1
79;26;4
2;85;2
73;15;3
42;1;3
100;8;3
39;9;4
60;42;5
90;78;5
8;73;3
57;64;2
22;34;5
89;69;2
77;43;3
4;16;2
42;40;3
91;89;1
94;10;4
18;53;4
54;83;3
14;31;4
11;30;5
72;26;5
81;16;3
29;66;3
54;62;1
49;30;3
66;27;4
66;33;3
99;76;5
58;83;4
40;25;5
64;89;5
65;81;3
53;25;5
4;29;4
91;11;2
58;18;4
18;54;2
6;19;1
62;70;2
55;15;3
16;14;5
72;58;4
100;11;2
80;28;3
35;28;2
95;58;3
72;78;3
53;69;3
69;65;3
89;23;5
34;73;2
37;59;2
56;86;4
25;12;2
92;68;1
29;1;1
61;37;2
83;43;1
15;74;3
55;44;1
80;21;3
9;53;3
33;82;2
100;81;4
74;54;4
70;43;1
40;56;3
20;36;2
10;40;3
63;6;3
84;34;3
71;62;4
56;78;2
97;18;4
90;20;3
85;49;3
7;46;3
15;68;2
82;53;1
86;40;3
9;65;3
15;42;5
44;21;2
14;68;5
24;65;4
80;49;2
70;5;2
1;55;2
11;86;5
33;9;3
54;36;3
39;81;2
49;51;5
53;19;4
85;56;5
65;81;1
26;15;4
84;84;4
12;60;2
90;31;3
83;21;1
51;22;1
84;10;1
45;86;2
32;50;4
47;37;4
72;66;3
97;39;5
43;40;3
60;18;5
44;67;1
77;8;3
70;51;3
5;57;3
61;2;3
72;70;4
58;9;4
83;17;4
56;39;5
68;38;4
70;6;4
2;83;3
45;25;1
64;45;5
53;48;4
56;47;2
42;24;2
96;32;4
55;51;3
21;8;2
36;58;4
45;89;1
12;80;4
61;14;3
27;74;2
64;80;3
56;44;5
19;50;3
79;29;1
10;90;5
50;21;5
51;58;3
41;7;2
33;21;1
29;69;4
67;9;2
77;52;3
54;73;2
60;74;3
45;76;5
71;37;2
11;36;3
71;55;5
31;43;2
32;81;4
100;26;4
83;10;2
10;26;3
35;24;5
13;31;1
52;40;2
98;82;2
94;88;2
51;80;3
25;11;2
66;67;4
14;9;2
20;45;2
5;51;3
84;12;1
69;15;2
22;70;3
50;85;2
35;44;4
66;51;2
50;69;3
24;34;4
38;20;2
62;61;2
43;73;2
58;16;5
45;40;4
85;54;4
24;75;1
24;78;3
78;15;4
91;40;5
89;37;3
56;69;3
68;59;2
53;43;5
2;41;2
31;63;3
32;63;2
85;82;3
73;52;3
19;60;3
67;59;1
39;31;3
20;51;2
19;81;4
84;79;2
31;82;5
26;89;4
37;28;1
8;7;2
64;71;4
14;33;4
51;52;4
47;86;3
15;59;2
97;52;1
48;50;1
30;42;3
42;71;1
96;37;3
46;10;3
63;62;2
86;32;4
10;83;2
29;5;3
36;11;2
16;71;2
50;79;4
19;16;4
27;5;2
29;45;3
70;78;1
23;6;4
19;56;4
49;60;4
5;76;3
82;88;2
25;9;1
34;39;2
60;71;3
9;10;4
83;62;1
84;63;4
36;82;4
50;86;1
6;55;4
52;61;2
29;76;3
74;24;1
26;11;2
47;82;3
83;77;3
13;55;3
71;12;2
79;73;4
48;23;3
78;12;1
73;42;3
49;34;4
64;36;1
50;72;3
85;15;5
77;57;5
37;3;4
36;83;2
76;58;2
66;53;4
14;49;5
35;30;4
24;67;4
61;4;5
96;13;4
50;38;3
84;37;5
26;16;4
80;59;2
53;36;2
25;58;3
9;60;4
48;4;2
47;54;2
65;29;5
55;37;5
73;47;2
61;23;3
48;83;4
29;75;3
38;36;4
30;73;4
27;17;2
51;68;3
93;50;2
88;28;1
31;44;3
36;87;2
91;60;1
47;19;3
27;14;5
40;66;4
36;14;4
35;68;1
68;21;4
56;51;4
23;81;4
48;36;3
55;74;5
34;54;1
5;35;1
67;41;4
48;78;2
19;78;2
56;6;2
31;28;2
74;12;4
69;63;2
81;41;2
3;32;3
87;50;2
94;23;2
81;79;5
23;42;4
81;11;2
49;56;4
44;54;4
85;28;4
67;29;3
12;24;1
98;52;3
89;40;1
91;25;2
7;53;4
48;71;4
95;57;2
57;72;2
99;22;4
36;42;2
13;72;4
82;55;4
17;15;3
20;55;3
22;2;4
64;39;4
52;67;1
80;14;3
76;54;2
58;9;1
71;25;3
45;86;3
90;65;1
45;90;4
29;7;3
7;52;3
96;71;3
63;44;2
30;12;4
35;53;4
15;74;1
62;20;1
20;40;4
32;40;2
78;28;1
15;80;1
25;8;4
42;69;1
2;68;3
78;47;2
21;14;2
20;53;2
49;47;3
87;9;5
21;39;4
19;22;4
93;20;2
36;23;4
80;36;4
88;10;3
10;29;2
16;48;1
43;26;2
60;49;2
18;6;1
68;23;2
52;78;1
99;65;2
16;68;2
79;18;2
21;23;4
70;57;5
12;11;2
32;28;3
63;52;2
6;88;1
82;6;3
99;16;3
57;60;4
19;58;2
33;56;4
15;78;4
88;76;2
42;71;2
48;72;4
10;61;2
67;23;4
97;25;4
54;19;3
29;82;5
17;65;2
35;70;5
55;38;2
28;8;2
12;72;3
19;23;2
27;4;3
53;14;3
31;9;3
17;87;1
71;65;2
7;21;3
14;54;3
94;56;2
70;27;5
13;86;1
78;51;3
72;55;4
57;65;3
71;28;3
33;82;5
62;25;2
85;51;2
10;87;2
8;52;2
22;8;2
54;58;5
16;76;2
41;32;5
81;75;4
9;77;4
5;27;2
78;16;4
5;27;1
6;86;4
44;28;3
90;19;5
94;21;3
76;38;2
45;70;2
25;1;3
24;47;5
66;86;4
75;50;2
55;44;2
43;87;2
44;64;5
5;89;2
51;17;4
81;48;5
33;16;2
82;66;2
27;39;1
69;88;5
83;7;2
41;67;2
80;46;4
6;53;2
62;24;4
97;24;2
37;29;4
88;7;2
76;33;1
56;60;3
54;66;4
11;57;4
98;19;1
20;34;4
39;84;1
41;46;3
65;2;2
94;30;1
90;78;5
97;22;4
25;81;2
40;43;3
77;67;3
85;69;4
98;15;3
70;37;2
29;17;2
96;32;3
66;73;2
63;49;5
78;35;2
54;16;3
61;4;1
17;12;5
24;77;2
80;73;3
23;54;5
55;46;1
22;41;5
80;34;1
23;15;4
92;41;3
54;60;2
23;15;2
94;70;5
43;8;4
42;16;1
66;83;5
77;57;3
90;36;4
32;42;4
56;14;2
32;80;2
95;74;4
94;86;3
5;40;5
35;56;2
49;16;5
62;9;4
12;4;3
98;42;4
91;39;4
79;11;2
53;79;2
35;23;5
40;67;1
75;37;1
2;20;3
85;67;3
4;63;2
33;69;2
76;4;4
49;14;4
68;83;1
80;31;2
20;73;3
86;3;4
16;41;2
43;44;2
43;28;4
55;86;1
32;9;3
88;85;2
61;70;4
73;19;5
78;38;2
43;31;2
15;22;3
47;3;3
5;40;2
21;69;4
80;30;5
84;45;4
94;37;2
9;87;3
51;81;4
34;73;1
38;55;5
47;64;4
20;30;1
74;64;1
55;40;4
53;7;2
55;72;3
48;14;3
32;82;2
40;77;2
34;88;2
98;40;3
70;26;4
79;37;3
32;44;2
47;46;4
60;37;5
11;51;5
80;8;2
36;35;1
54;23;4
45;10;1
4;7;2
72;19;3
27;78;3
85;76;4
78;14;1
96;49;3
66;39;3
68;26;2
49;76;5
66;49;1
29;50;4
11;1;2
26;56;3
25;56;5
91;61;1
72;87;4
84;34;3
97;80;4
43;74;1
6;65;4
26;21;4
58;16;3
2;46;2
16;78;3
24;25;2
18;67;2
37;26;2
26;85;3
43;90;3
84;34;4
21;22;3
30;42;4
8;47;4
98;74;5
55;37;5
3;11;4
19;5;4
49;78;4
73;81;2
58;52;4
49;4;2
62;42;3
22;42;4
35;25;3
94;22;4
61;7;2
75;88;4
45;72;3
88;89;3
35;27;5
74;27;2
78;76;4
94;41;5
63;32;4
88;59;4
71;14;4
90;63;2
2;52;4
59;38;4
98;78;3
40;25;2
49;22;4
6;89;3
16;12;1
53;86;4
28;89;1
69;34;3
15;21;3
7;3;4
34;52;4
90;9;2
29;24;2
46;73;4
30;28;1
41;64;4
63;89;2
61;10;4
6;75;1
84;19;5
13;37;3
22;49;2
96;45;3
23;49;3
99;20;4
45;20;2
15;68;5
67;62;4
44;1;5
76;30;5
99;60;2
79;32;5
97;80;4
1;20;4
80;25;3
84;1;4
70;64;1
20;49;2
16;57;2
50;84;5
94;88;4
88;47;3
73;44;2
50;69;3
65;24;2
99;70;5
67;34;3
77;29;5
50;22;2
77;30;3
53;59;4
35;50;1
98;71;2
91;73;2
22;19;5
31;46;4
48;11;4
61;45;4
54;48;1
31;12;4
69;80;5
68;70;2
20;13;5
73;86;4
55;83;1
63;65;4
72;30;2
60;79;4
15;86;4
18;11;3
89;53;3
8;86;4
60;35;4
75;39;4
41;50;3
10;26;4
71;63;4
87;29;1
44;5;4
5;38;1
32;69;2
31;28;2
7;59;2
55;11;3
81;44;4
68;5;1
22;65;2
98;15;3
96;14;2
9;33;2
81;86;3
79;81;3
38;80;3
96;22;1
25;82;3
96;55;5
76;84;4
13;32;3
58;74;4
39;76;4
73;77;5
27;24;4
34;39;3
77;89;5
80;10;2
89;60;5
62;23;2
83;67;4
97;64;3
50;22;5
3;54;3
27;65;3
35;71;2
92;88;5
42;25;4
53;86;4
23;71;3
54;59;3
68;61;3
68;70;1
4;57;4
4;10;2
23;38;5
81;90;5
89;78;4
56;52;2
9;47;1
8;74;3
57;54;2
42;46;4
87;11;5
84;84;5
23;79;2
90;79;1
80;40;4
2;76;1
50;36;2
69;83;2
25;6;2
56;49;1
36;62;3
93;47;1
45;8;3
47;33;4
50;78;5
38;60;2
86;17;2
23;84;3
53;80;5
29;49;2
35;6;2
26;16;3
27;12;2
96;87;3
92;21;4
66;25;4
36;79;4
82;74;2
42;84;4
42;72;3
59;27;4
98;39;4
58;34;3
39;73;3
87;69;2
16;2;2
40;39;4
37;18;2
64;15;3
55;1;3
50;44;4
62;22;3
84;67;3
35;28;2
60;24;2
78;85;3
8;81;1
32;54;5
54;8;3
76;69;4
55;81;3
76;82;5
37;50;3
41;50;5
92;62;3
52;82;3
38;82;3
44;49;2
18;35;5
96;38;2
75;70;4
65;43;1
23;48;2
66;42;2
6;60;5
75;21;3
92;10;1
6;45;5
60;81;1
6;71;1
83;40;2
11;41;4
14;72;5
91;40;3
59;58;3
21;73;2
3;51;5
11;86;5
82;30;4
48;67;2
87;35;5
55;44;3
73;11;5
12;56;3
6;43;5
68;79;2
68;12;3
17;5;1
46;22;2
37;4;2
59;22;2
55;76;2
91;47;4
53;70;3
93;58;4
60;46;2
26;64;2
85;77;4
39;15;4
76;48;2
33;66;4
85;20;4
96;25;3
91;49;4
40;11;4
69;19;3
51;58;4
64;86;2
20;70;4
48;86;4
28;28;2
70;83;3
85;14;3
66;37;1
98;34;5
51;65;4
58;74;5
7;76;3
10;31;4
30;60;3
27;44;2
51;82;1
91;25;3
86;51;5
71;52;4
59;84;2
95;64;1
15;78;4
80;59;5
44;32;4
46;13;4
24;7;3
83;68;2
98;20;3
56;9;3
83;61;2
54;15;2
53;38;3
90;12;2
44;84;1
51;80;4
28;75;2
62;83;4
3;67;5
51;27;5
84;14;3
22;51;3
16;19;3
44;54;3
28;88;3
2;44;1
60;11;3
80;27;2
99;5;4
79;49;1
72;21;2
96;13;2
92;11;4
57;35;1
28;6;3
50;44;2
43;89;2
15;47;1
5;70;4
61;53;4
89;3;3
23;56;2
16;7;1
9;67;4
77;49;4
63;61;1
23;71;2
23;45;4
95;60;4
81;87;4
22;79;4
2;39;5
80;88;2
56;7;3
56;12;3
16;31;2
67;36;3
58;56;4
4;79;3
55;77;3
1;31;1
80;87;2
76;48;2
73;82;5
87;49;2
14;51;4
30;65;5
37;40;1
74;43;5
75;35;2
11;32;3
55;68;3
15;51;2
25;13;2
40;71;2
97;6;4
3;40;2
77;24;3
99;62;5
65;9;1
63;69;3
2;28;3
49;23;4
55;84;2
16;16;3
53;10;3
59;60;2
83;79;1
29;13;1
93;50;1
29;50;4
23;63;2
27;86;3
66;11;5
10;39;4
66;5;5
32;89;5
50;65;1
61;57;3
45;9;1
1;24;4
99;80;2
3;22;3
95;51;3
51;25;3
98;30;2
50;58;3
58;79;3
80;5;3
26;52;2
4;22;5
75;59;2
11;7;2
11;44;3
40;50;3
49;50;3
22;37;3
19;31;3
90;69;2
56;74;4
18;51;1
56;81;3
26;46;5
37;59;2
39;21;3
24;6;2
31;55;4
26;47;2
61;39;5
31;60;4
36;75;4
47;16;4
12;80;4
80;27;2
61;82;4
12;51;1
42;62;3
88;28;4
18;17;3
63;71;1
51;62;1
41;63;1
73;2;3
70;58;3
24;73;5
59;86;4
44;14;3
4;13;3
34;51;5
11;43;4
78;66;2
92;10;5
18;14;2
45;48;4
5;46;4
54;31;3
70;71;2
92;68;5
59;42;1
8;86;3
7;46;3
62;42;1
39;67;2
2;61;5
5;81;4
50;52;1
57;34;2
13;37;2
55;61;4
26;84;2
18;86;3
94;4;2
87;10;4
50;20;2
96;82;5
98;51;2
8;78;3
94;70;3
36;46;2
91;52;2
25;36;2
64;86;2
86;84;4
85;15;3
36;11;1
52;79;3
99;78;3
65;65;3
15;65;1
62;36;3
33;55;2
97;74;1
12;79;1
31;38;3
28;66;5
88;66;3
77;39;4
95;77;1
43;64;3
86;51;3
78;37;4
71;43;3
30;29;3
88;88;5
27;84;5
60;71;5
86;70;3
24;44;3
54;22;3
83;35;2
92;34;4
55;86;2
83;86;1
32;75;4
35;56;3
52;12;4
53;47;2
73;8;2
96;45;4
39;50;2
73;29;5
17;65;4
92;32;1
86;46;3
89;20;2
27;6;2
84;6;4
11;62;2
41;70;2
59;83;5
65;71;1
63;74;1
99;45;4
35;24;5
8;73;5
94;61;3
94;68;2
94;41;3
27;18;5
28;81;3
70;4;3
82;2;2
92;65;3
72;82;4
16;76;3
75;81;4
98;56;4
16;33;3
67;88;2
61;51;4
9;88;3
43;53;5
37;13;2
74;35;4
47;28;4
93;78;2
62;30;4
46;27;5
65;90;4
14;85;3
70;75;3
85;55;2
80;2;3
23;18;5
29;86;4
7;12;5
52;29;1
7;55;3
42;26;2
67;82;2
30;20;3
21;68;3
9;81;2
97;44;3
4;56;4
88;44;3
91;6;4
38;45;3
12;84;1
5;24;3
48;7;1
50;51;4
67;86;4
9;56;4
28;85;5
19;3;3
41;67;3
42;33;5
3;17;3
22;7;1
18;47;3
56;52;1
32;29;3
44;8;5
84;64;4
54;58;3
1;54;5
19;71;1
62;79;3
74;12;2
96;57;4
91;6;2
71;1;4
94;24;5
37;76;3
85;27;4
39;68;4
96;64;2
46;37;5
66;69;2
75;8;1
19;66;2
90;74;1
49;57;3
10;26;2
49;38;2
26;8;4
83;67;2
71;47;4
87;15;4
46;42;2
89;24;4
93;2;4
32;33;4
84;59;5
76;17;2
72;10;4
55;12;2
29;56;3
92;10;4
27;40;1
8;62;4
23;72;4
94;20;1
53;42;3
4;62;2
20;9;4
73;4;4
56;80;2
35;47;1
13;60;2
84;56;4
4;82;2
83;48;3
88;17;4
88;58;2
61;11;4
77;10;5
42;60;2
70;4;5
68;8;1
80;3;1
37;2;3
43;72;4
36;26;3
68;11;2
26;88;2
45;45;3
45;21;2
21;24;4
23;57;3
42;39;2
88;58;4
6;88;1
36;19;4
53;11;3
49;42;3
30;19;1
11;52;3
5;41;2
44;60;3
62;17;2
51;42;4
9;41;5
15;22;2
23;67;2
7;17;3
67;31;3
17;52;2
27;20;4
66;89;5
36;31;3
31;19;2
58;28;3
37;20;2
61;6;4
19;50;4
2;39;3
15;41;3
98;86;3
97;57;4
67;52;2
43;71;3
35;16;2
100;59;1
30;89;3
81;51;2
83;88;4
59;7;5
91;51;2
55;63;2
17;6;2
83;28;2
5;63;1
34;74;4
75;68;5
17;90;4
15;9;5
97;38;3
67;73;3
34;27;4
18;73;5
58;77;4
34;57;3
95;19;2
6;83;2
73;87;4
76;77;2
18;11;2
72;42;3
63;82;3
42;67;2
65;12;3
43;7;5
54;64;4
88;52;4
89;60;3
94;40;1
43;74;1
58;67;5
46;81;5
53;3;2
14;23;3
98;13;2
24;63;2
88;74;4
2;41;4
70;53;2
33;66;1
45;74;4
6;38;4
48;48;3
27;11;1
3;73;2
13;8;4
32;3;3
17;87;5
74;46;2
35;44;3
13;87;1
41;19;3
36;82;1
97;89;2
96;90;3
88;18;5
4;73;2
22;51;3
42;34;4
94;68;4
64;69;1
10;39;3
80;76;3
14;14;4
99;54;2
31;9;3
62;47;1
66;22;2
48;74;4
73;31;3
7;7;4
9;7;2
24;26;3
3;76;2
95;48;3
6;37;1
53;3;3
75;50;5
94;12;3
79;44;3
72;24;3
4;30;1
28;22;2
45;45;5
74;44;4
35;26;4
93;23;2
9;71;4
80;40;2
90;68;2
82;5;4
69;13;1
59;28;1
36;71;4
8;37;4
7;3;3
32;71;2
73;6;3
48;42;4
23;45;4
22;21;4
72;13;1
58;51;4
57;47;2
14;20;2
8;49;4
32;55;5
3;16;5
31;38;3
79;52;3
69;12;4
46;11;2
8;61;1
69;81;3
41;85;4
5;21;3
53;74;1
79;32;1
22;42;4
60;10;3
91;34;4
26;90;2
15;82;3
47;25;3
17;47;4
56;23;1
11;31;5
57;57;4
51;33;3
78;46;5
93;44;5
47;40;4
37;19;2
15;89;3
79;67;1
71;43;3
19;38;5
7;31;5
24;37;4
19;80;2
62;45;2
19;50;2
8;30;4
50;51;2
55;53;3
58;77;5
41;34;4
83;17;5
62;64;4
17;40;3
95;48;3
10;57;2
82;8;4
44;13;1
62;25;4
35;44;3
5;29;5
77;35;3
1;85;4
65;58;1
63;63;3
63;84;4
41;40;2
94;20;4
32;84;1
35;29;2
54;29;2
59;47;2
14;32;3
32;73;1
41;21;3
7;38;3
20;49;2
69;2;3
75;11;2
45;2;5
29;57;2
49;79;2
31;87;1
43;44;3
57;32;3
62;87;4
95;39;3
92;28;4
55;82;4
99;58;1
47;64;2
52;77;5
56;78;4
86;39;3
64;19;2
56;53;1
38;33;3
97;78;2
90;84;4
47;89;4
14;10;2
96;64;3
32;47;3
48;32;2
69;45;2
8;79;1
24;63;2
51;21;4
64;11;4
11;33;3
25;49;5
91;37;2
99;34;2
34;54;2
12;89;2
40;15;1
3;49;3
84;38;4
81;49;4
49;88;5
72;21;4
47;82;3
66;20;2
81;13;2
90;3;3
90;17;3
11;46;4
4;76;5
55;41;4
36;85;4
93;4;1
22;74;4
13;74;4
30;53;2
21;14;5
5;77;1
84;45;4
82;81;3
34;27;5
47;75;4
19;6;4
7;13;2
97;18;3
16;88;4
85;71;4
98;57;4
68;88;5
32;49;5
66;57;4
50;29;4
43;73;5
58;13;4
66;47;4
10;78;1
22;64;4
72;49;4
91;27;2
93;73;5
71;53;5
64;7;4
5;19;2
10;46;3
10;13;2
94;26;1
47;26;4
16;61;3
73;19;3
66;6;1
2;10;2
47;52;5
35;16;5
4;70;1
67;3;2
56;65;2
1;17;4
29;29;2
90;16;1
57;12;3
22;2;3
1;45;2
53;68;4
70;19;3
84;71;4
58;35;1
66;72;3
92;9;4
33;10;2
20;77;4
85;78;3
28;3;2
67;25;1
20;85;3
45;70;4
21;8;4
28;56;2
75;8;3
34;64;4
8;21;1
76;38;1
58;9;2
30;51;4
22;34;1
98;32;3
75;76;3
85;88;3
2;18;2
16;17;4
86;15;3
17;70;2
26;41;1
47;6;4
29;70;4
41;71;5
11;66;4
55;37;3
53;52;2
7;37;2
7;36;2
20;48;2
75;76;3
50;50;5
88;32;1
3;7;2
57;50;1
93;80;3
2;67;4
18;2;1
91;27;5
15;88;4
28;72;2
32;10;3
81;81;4
98;76;1
27;27;4
45;11;2
68;10;2
7;89;4
79;45;3
22;16;2
81;60;3
67;15;5
76;40;3
49;2;4
36;53;2
74;26;2
12;29;2
67;78;2
63;66;3
7;38;2
46;77;2
81;64;3
19;32;5
40;36;2
39;4;3
75;75;5
54;62;3
95;27;3
83;60;5
42;20;2
11;5;5
54;7;5
39;64;2
23;41;2
48;6;3
65;7;1
13;53;3
29;29;1
43;56;3
28;40;1
49;7;4
39;27;4
11;34;3
76;21;5
48;39;4
66;90;2
64;27;1
95;21;5
51;82;2
39;69;1
2;39;5
41;49;4
19;40;2
30;57;2
26;42;1
81;35;4
16;12;3
98;30;4
66;88;2
30;57;3
99;10;2
15;43;5
60;42;3
80;63;4
77;22;4
9;77;3
74;27;2
45;75;4
26;7;2
34;57;5
32;42;4
29;35;3
100;75;3
19;25;3
17;3;3
35;29;2
28;50;2
6;63;2
65;10;4
20;43;5
47;71;3
74;33;3
95;20;1
72;20;1
68;86;4
85;61;3
64;30;4
13;39;4
38;61;3
8;64;5
79;69;1
20;25;4
98;29;3
75;72;3
92;24;4
64;79;2
50;62;3
41;54;3
68;44;4
73;43;1
30;3;3
10;48;3
89;50;3
15;42;4
57;57;5
56;4;5
5;54;3
34;15;4
78;11;3
32;76;4
57;32;5
62;77;2
35;37;5
94;17;5
98;74;3
93;75;4
61;44;5
87;10;2
79;75;1
7;28;3
54;29;4
44;69;2
58;6;4
97;20;1
13;72;1
37;81;2
99;9;2
70;39;1
99;53;2
91;49;3
5;31;5
3;42;4
36;5;3
81;52;2
72;5;4
19;67;4
8;39;3
26;13;3
49;77;3
75;78;5
43;20;2
88;60;4
91;22;4
72;12;2
35;63;2
22;31;2
76;88;5
21;43;4
21;30;4
10;46;2
36;73;3
53;9;1
20;18;2
13;45;3
49;37;5
87;60;2
56;57;2
72;61;5
55;5;2
71;61;1
7;16;4
16;76;3
50;11;4
8;5;5
81;88;3
21;56;4
99;71;4
28;11;3
2;20;4
58;77;3
12;26;3
97;32;2
75;36;2
61;61;5
35;34;3
40;9;5
95;38;5
3;36;3
13;16;4
67;17;1
35;78;1
10;88;5
45;48;2
49;56;2
80;47;1
12;42;3
5;4;3
3;22;3
58;60;3
84;88;3
25;82;5
79;71;3
23;39;3
15;86;3
90;85;2
47;28;1
26;18;2
62;62;5
28;37;4
66;17;2
83;43;2
51;9;1
5;14;5
94;22;3
32;12;2
91;63;2
2;17;2
29;50;5
24;83;4
32;52;4
30;87;3
36;49;2
36;14;3
60;74;2
92;51;2
19;76;4
22;33;3
32;79;1
26;67;2
71;58;2
57;25;3
60;43;3
10;50;1
62;16;2
41;78;4
91;58;3
26;26;2
4;54;2
